year,state,rate
1928,Alabama,334.99
1928,Alaska,NA
1928,Arizona,200.75
1928,Arkansas,481.77
1928,California,69.22
1928,Colorado,206.98
1928,Connecticut,634.95
1928,Delaware,256.02
1928,District Of Columbia,535.63
1928,Florida,119.58
1928,Georgia,159.73
1928,Hawaii,NA
1928,Idaho,19.59
1928,Illinois,98.24
1928,Indiana,263.67
1928,Iowa,28.63
1928,Kansas,136.92
1928,Kentucky,216.26
1928,Louisiana,260.33
1928,Maine,401.96
1928,Maryland,1089.39
1928,Massachusetts,981.06
1928,Michigan,547.55
1928,Minnesota,79.13
1928,Mississippi,NA
1928,Missouri,198.63
1928,Montana,139.86
1928,Nebraska,78.95
1928,Nevada,NA
1928,New Hampshire,272.15
1928,New Jersey,797.14
1928,New Mexico,663.41
1928,New York,649.97
1928,North Carolina,1823.69
1928,North Dakota,55.73
1928,Ohio,355.92
1928,Oklahoma,268.71
1928,Oregon,223.09
1928,Pennsylvania,583.95
1928,Rhode Island,735.32
1928,South Carolina,1138.49
1928,South Dakota,160.16
1928,Tennessee,315.43
1928,Texas,97.35
1928,Utah,16.83
1928,Vermont,334.8
1928,Virginia,NA
1928,Washington,344.82
1928,West Virginia,195.98
1928,Wisconsin,124.61
1928,Wyoming,227
1929,Alabama,111.93
1929,Alaska,NA
1929,Arizona,54.88
1929,Arkansas,67.22
1929,California,72.8
1929,Colorado,74.24
1929,Connecticut,614.82
1929,Delaware,239.82
1929,District Of Columbia,94.2
1929,Florida,78.01
1929,Georgia,40.63
1929,Hawaii,NA
1929,Idaho,160.37
1929,Illinois,506.18
1929,Indiana,322.1
1929,Iowa,82.95
1929,Kansas,555.44
1929,Kentucky,43.17
1929,Louisiana,88.79
1929,Maine,719.17
1929,Maryland,126.04
1929,Massachusetts,351.42
1929,Michigan,376.46
1929,Minnesota,492.36
1929,Mississippi,NA
1929,Missouri,183.46
1929,Montana,817.76
1929,Nebraska,303.03
1929,Nevada,NA
1929,New Hampshire,344.53
1929,New Jersey,181.86
1929,New Mexico,54.78
1929,New York,249.09
1929,North Carolina,38.49
1929,North Dakota,339.19
1929,Ohio,561.14
1929,Oklahoma,46.19
1929,Oregon,492.32
1929,Pennsylvania,489.56
1929,Rhode Island,270.62
1929,South Carolina,12.2
1929,South Dakota,167.77
1929,Tennessee,33.04
1929,Texas,71.28
1929,Utah,68.9
1929,Vermont,105.31
1929,Virginia,NA
1929,Washington,248.6
1929,West Virginia,380.14
1929,Wisconsin,1016.54
1929,Wyoming,312.16
1930,Alabama,157
1930,Alaska,NA
1930,Arizona,466.31
1930,Arkansas,53.44
1930,California,760.24
1930,Colorado,1132.76
1930,Connecticut,112.23
1930,Delaware,109.25
1930,District Of Columbia,182.1
1930,Florida,356.59
1930,Georgia,153.21
1930,Hawaii,NA
1930,Idaho,196.66
1930,Illinois,216.07
1930,Indiana,120.73
1930,Iowa,395.59
1930,Kansas,666.71
1930,Kentucky,70.15
1930,Louisiana,86.29
1930,Maine,198.88
1930,Maryland,73.89
1930,Massachusetts,630.29
1930,Michigan,583.62
1930,Minnesota,218.99
1930,Mississippi,NA
1930,Missouri,149.81
1930,Montana,117.52
1930,Nebraska,745.32
1930,Nevada,NA
1930,New Hampshire,126.38
1930,New Jersey,602.87
1930,New Mexico,529.23
1930,New York,315.39
1930,North Carolina,41.17
1930,North Dakota,117
1930,Ohio,277.6
1930,Oklahoma,164.93
1930,Oregon,276.36
1930,Pennsylvania,356.56
1930,Rhode Island,39.23
1930,South Carolina,14.45
1930,South Dakota,346.31
1930,Tennessee,179.91
1930,Texas,73.12
1930,Utah,1044.79
1930,Vermont,236.69
1930,Virginia,NA
1930,Washington,631.64
1930,West Virginia,157.7
1930,Wisconsin,748.58
1930,Wyoming,341.55
1931,Alabama,337.29
1931,Alaska,NA
1931,Arizona,497.69
1931,Arkansas,45.91
1931,California,477.48
1931,Colorado,453.27
1931,Connecticut,790.46
1931,Delaware,1003.28
1931,District Of Columbia,832.99
1931,Florida,260.79
1931,Georgia,104.39
1931,Hawaii,NA
1931,Idaho,25.97
1931,Illinois,516.97
1931,Indiana,541.21
1931,Iowa,34.25
1931,Kansas,93.47
1931,Kentucky,181.04
1931,Louisiana,11.47
1931,Maine,434.35
1931,Maryland,1264.85
1931,Massachusetts,386.78
1931,Michigan,133.48
1931,Minnesota,123.53
1931,Mississippi,NA
1931,Missouri,369.77
1931,Montana,284.85
1931,Nebraska,24.91
1931,Nevada,NA
1931,New Hampshire,299.15
1931,New Jersey,494.19
1931,New Mexico,324.57
1931,New York,423.22
1931,North Carolina,480.48
1931,North Dakota,142.06
1931,Ohio,291.32
1931,Oklahoma,32.17
1931,Oregon,242.56
1931,Pennsylvania,821.6
1931,Rhode Island,665.05
1931,South Carolina,189.95
1931,South Dakota,212.36
1931,Tennessee,134.79
1931,Texas,39.56
1931,Utah,29.72
1931,Vermont,318.4
1931,Virginia,NA
1931,Washington,197.43
1931,West Virginia,291.38
1931,Wisconsin,506.57
1931,Wyoming,60.69
1932,Alabama,10.21
1932,Alaska,NA
1932,Arizona,20.11
1932,Arkansas,5.33
1932,California,214.08
1932,Colorado,222.9
1932,Connecticut,348.27
1932,Delaware,15.98
1932,District Of Columbia,53.14
1932,Florida,13.63
1932,Georgia,34.36
1932,Hawaii,NA
1932,Idaho,8.76
1932,Illinois,208.31
1932,Indiana,88.78
1932,Iowa,6.32
1932,Kansas,326.64
1932,Kentucky,72.99
1932,Louisiana,67.44
1932,Maine,1086.28
1932,Maryland,65.17
1932,Massachusetts,463.19
1932,Michigan,881.09
1932,Minnesota,95.11
1932,Mississippi,NA
1932,Missouri,43.16
1932,Montana,1007.97
1932,Nebraska,31.61
1932,Nevada,NA
1932,New Hampshire,151.26
1932,New Jersey,373.96
1932,New Mexico,271.9
1932,New York,465.06
1932,North Carolina,423.04
1932,North Dakota,318.07
1932,Ohio,539.34
1932,Oklahoma,43.17
1932,Oregon,514.2
1932,Pennsylvania,470.69
1932,Rhode Island,1472.69
1932,South Carolina,182.58
1932,South Dakota,96.37
1932,Tennessee,68.99
1932,Texas,76.58
1932,Utah,13.91
1932,Vermont,1146.08
1932,Virginia,53.4
1932,Washington,631.93
1932,West Virginia,599.65
1932,Wisconsin,935.31
1932,Wyoming,242.1
1933,Alabama,65.22
1933,Alaska,NA
1933,Arizona,296.01
1933,Arkansas,293.32
1933,California,445.28
1933,Colorado,27.69
1933,Connecticut,330.66
1933,Delaware,82.68
1933,District Of Columbia,100.8
1933,Florida,63.93
1933,Georgia,156.88
1933,Hawaii,NA
1933,Idaho,193.59
1933,Illinois,155.65
1933,Indiana,108.02
1933,Iowa,33.01
1933,Kansas,335.08
1933,Kentucky,57.86
1933,Louisiana,42.77
1933,Maine,13.39
1933,Maryland,41.18
1933,Massachusetts,351.86
1933,Michigan,462.14
1933,Minnesota,752.33
1933,Mississippi,NA
1933,Missouri,152.96
1933,Montana,419.57
1933,Nebraska,117.35
1933,Nevada,NA
1933,New Hampshire,218.48
1933,New Jersey,726.94
1933,New Mexico,148.8
1933,New York,549
1933,North Carolina,495.59
1933,North Dakota,373.64
1933,Ohio,233.67
1933,Oklahoma,101.87
1933,Oregon,230.37
1933,Pennsylvania,336.38
1933,Rhode Island,9.36
1933,South Carolina,360.64
1933,South Dakota,299.08
1933,Tennessee,133.48
1933,Texas,361.4
1933,Utah,402.1
1933,Vermont,312.58
1933,Virginia,351.88
1933,Washington,155.84
1933,West Virginia,303.34
1933,Wisconsin,317.48
1933,Wyoming,249.06
1934,Alabama,590.27
1934,Alaska,NA
1934,Arizona,238.81
1934,Arkansas,384.57
1934,California,423.26
1934,Colorado,1204.25
1934,Connecticut,282.35
1934,Delaware,1225.2
1934,District Of Columbia,1137.49
1934,Florida,505.65
1934,Georgia,774.78
1934,Hawaii,NA
1934,Idaho,252.43
1934,Illinois,574.84
1934,Indiana,631.03
1934,Iowa,346.39
1934,Kansas,538.84
1934,Kentucky,422.55
1934,Louisiana,220.96
1934,Maine,78.02
1934,Maryland,1575.91
1934,Massachusetts,1039.49
1934,Michigan,132.48
1934,Minnesota,313.6
1934,Mississippi,NA
1934,Missouri,539.48
1934,Montana,355.92
1934,Nebraska,331.03
1934,Nevada,NA
1934,New Hampshire,846.7
1934,New Jersey,359.92
1934,New Mexico,731.9
1934,New York,258.13
1934,North Carolina,1685.34
1934,North Dakota,657.63
1934,Ohio,410.5
1934,Oklahoma,378.08
1934,Oregon,193.5
1934,Pennsylvania,848.11
1934,Rhode Island,65.79
1934,South Carolina,637.61
1934,South Dakota,1373.94
1934,Tennessee,647.85
1934,Texas,490.66
1934,Utah,2184.87
1934,Vermont,380.66
1934,Virginia,1158.76
1934,Washington,473.84
1934,West Virginia,231.8
1934,Wisconsin,1332.84
1934,Wyoming,967.44
1935,Alabama,265.34
1935,Alaska,NA
1935,Arizona,135.02
1935,Arkansas,80.33
1935,California,466.38
1935,Colorado,1186.07
1935,Connecticut,1449.49
1935,Delaware,412.7
1935,District Of Columbia,152.73
1935,Florida,72.77
1935,Georgia,1.05
1935,Hawaii,NA
1935,Idaho,182.33
1935,Illinois,746.81
1935,Indiana,299.12
1935,Iowa,865.65
1935,Kansas,1399.01
1935,Kentucky,533.77
1935,Louisiana,117.22
1935,Maine,857.76
1935,Maryland,133.17
1935,Massachusetts,286.73
1935,Michigan,1600.88
1935,Minnesota,1062
1935,Mississippi,NA
1935,Missouri,345.19
1935,Montana,1422.57
1935,Nebraska,639.7
1935,Nevada,NA
1935,New Hampshire,55.13
1935,New Jersey,792.91
1935,New Mexico,147.97
1935,New York,516.43
1935,North Carolina,323.87
1935,North Dakota,290.45
1935,Ohio,544.79
1935,Oklahoma,102.91
1935,Oregon,705.43
1935,Pennsylvania,917.36
1935,Rhode Island,994.05
1935,South Carolina,46.26
1935,South Dakota,167.25
1935,Tennessee,51.31
1935,Texas,64.07
1935,Utah,50.16
1935,Vermont,389.3
1935,Virginia,727.35
1935,Washington,525.47
1935,West Virginia,605.9
1935,Wisconsin,1415.38
1935,Wyoming,935.42
1936,Alabama,20.78
1936,Alaska,NA
1936,Arizona,525.5
1936,Arkansas,5.66
1936,California,773.54
1936,Colorado,54.74
1936,Connecticut,228.97
1936,Delaware,555.96
1936,District Of Columbia,335.59
1936,Florida,18.22
1936,Georgia,0.27
1936,Hawaii,NA
1936,Idaho,262.62
1936,Illinois,15.43
1936,Indiana,21.15
1936,Iowa,8
1936,Kansas,23.17
1936,Kentucky,79.66
1936,Louisiana,57.67
1936,Maine,891.89
1936,Maryland,405.28
1936,Massachusetts,613.81
1936,Michigan,47.72
1936,Minnesota,283.03
1936,Mississippi,NA
1936,Missouri,17.37
1936,Montana,81.57
1936,Nebraska,86.34
1936,Nevada,NA
1936,New Hampshire,185.39
1936,New Jersey,215.06
1936,New Mexico,234.94
1936,New York,477.48
1936,North Carolina,40.3
1936,North Dakota,16.52
1936,Ohio,136.53
1936,Oklahoma,15.22
1936,Oregon,919.15
1936,Pennsylvania,243.53
1936,Rhode Island,368.69
1936,South Carolina,48.24
1936,South Dakota,33.6
1936,Tennessee,50.18
1936,Texas,125.58
1936,Utah,117.89
1936,Vermont,2974.79
1936,Virginia,127.83
1936,Washington,463.74
1936,West Virginia,63.26
1936,Wisconsin,126.57
1936,Wyoming,57.52
1937,Alabama,22.46
1937,Alaska,NA
1937,Arizona,837.3
1937,Arkansas,16.98
1937,California,78.26
1937,Colorado,93
1937,Connecticut,606.76
1937,Delaware,707.1
1937,District Of Columbia,333.27
1937,Florida,23.08
1937,Georgia,NA
1937,Hawaii,NA
1937,Idaho,243.15
1937,Illinois,146.95
1937,Indiana,210.12
1937,Iowa,10.76
1937,Kansas,42.11
1937,Kentucky,245.75
1937,Louisiana,20.71
1937,Maine,134.35
1937,Maryland,698.17
1937,Massachusetts,478.32
1937,Michigan,115.59
1937,Minnesota,25.12
1937,Mississippi,NA
1937,Missouri,186.45
1937,Montana,111.71
1937,Nebraska,34.46
1937,Nevada,NA
1937,New Hampshire,393.13
1937,New Jersey,1108.94
1937,New Mexico,487.27
1937,New York,202.81
1937,North Carolina,226.07
1937,North Dakota,8.4
1937,Ohio,366.37
1937,Oklahoma,45.62
1937,Oregon,38.19
1937,Pennsylvania,390.89
1937,Rhode Island,679.22
1937,South Carolina,99.18
1937,South Dakota,9.84
1937,Tennessee,106.41
1937,Texas,235.14
1937,Utah,396.79
1937,Vermont,289.31
1937,Virginia,337.39
1937,Washington,103.34
1937,West Virginia,110.04
1937,Wisconsin,66.55
1937,Wyoming,69.91
1938,Alabama,496.44
1938,Alaska,NA
1938,Arizona,149.34
1938,Arkansas,356.73
1938,California,278.32
1938,Colorado,823.71
1938,Connecticut,107.56
1938,Delaware,236.02
1938,District Of Columbia,115.59
1938,Florida,517.83
1938,Georgia,299.92
1938,Hawaii,NA
1938,Idaho,425.67
1938,Illinois,1145.16
1938,Indiana,523.18
1938,Iowa,223.17
1938,Kansas,583.06
1938,Kentucky,393.49
1938,Louisiana,44.77
1938,Maine,509.67
1938,Maryland,159.06
1938,Massachusetts,229.97
1938,Michigan,1505.5
1938,Minnesota,256.2
1938,Mississippi,NA
1938,Missouri,525.47
1938,Montana,1119.76
1938,Nebraska,209.06
1938,Nevada,NA
1938,New Hampshire,341.34
1938,New Jersey,716.98
1938,New Mexico,628.89
1938,New York,518.84
1938,North Carolina,1383.37
1938,North Dakota,863.45
1938,Ohio,694.27
1938,Oklahoma,116.62
1938,Oregon,121.89
1938,Pennsylvania,1329.75
1938,Rhode Island,35.95
1938,South Carolina,373.4
1938,South Dakota,212.46
1938,Tennessee,403.65
1938,Texas,95.34
1938,Utah,1808.86
1938,Vermont,1652.64
1938,Virginia,475.81
1938,Washington,112.23
1938,West Virginia,595.16
1938,Wisconsin,2348.05
1938,Wyoming,360.59
1939,Alabama,182.64
1939,Alaska,NA
1939,Arizona,144.02
1939,Arkansas,123.51
1939,California,939.48
1939,Colorado,525.21
1939,Connecticut,937.54
1939,Delaware,94.63
1939,District Of Columbia,497.42
1939,Florida,157.53
1939,Georgia,115.95
1939,Hawaii,NA
1939,Idaho,694.15
1939,Illinois,100.12
1939,Indiana,59.79
1939,Iowa,209.13
1939,Kansas,158.21
1939,Kentucky,79.78
1939,Louisiana,157.03
1939,Maine,271.09
1939,Maryland,852.92
1939,Massachusetts,546.19
1939,Michigan,328.17
1939,Minnesota,655.68
1939,Mississippi,NA
1939,Missouri,76.61
1939,Montana,1973.32
1939,Nebraska,276.01
1939,Nevada,NA
1939,New Hampshire,133.99
1939,New Jersey,104.83
1939,New Mexico,316.1
1939,New York,331.36
1939,North Carolina,664.5
1939,North Dakota,843.21
1939,Ohio,74
1939,Oklahoma,194.44
1939,Oregon,219.8
1939,Pennsylvania,186.57
1939,Rhode Island,416.85
1939,South Carolina,60.34
1939,South Dakota,1173.78
1939,Tennessee,108.43
1939,Texas,115.98
1939,Utah,1002.23
1939,Vermont,1029.19
1939,Virginia,394.24
1939,Washington,1158.16
1939,West Virginia,99.07
1939,Wisconsin,768.04
1939,Wyoming,1392.34
1940,Alabama,115.12
1940,Alaska,NA
1940,Arizona,339.06
1940,Arkansas,72
1940,California,376.44
1940,Colorado,231.8
1940,Connecticut,376.52
1940,Delaware,36.04
1940,District Of Columbia,126.99
1940,Florida,114.19
1940,Georgia,93.84
1940,Hawaii,NA
1940,Idaho,337.53
1940,Illinois,84.14
1940,Indiana,16.65
1940,Iowa,212.6
1940,Kansas,450.3
1940,Kentucky,97.62
1940,Louisiana,47.78
1940,Maine,837.74
1940,Maryland,233.84
1940,Massachusetts,498.72
1940,Michigan,299.7
1940,Minnesota,300.31
1940,Mississippi,NA
1940,Missouri,15.55
1940,Montana,476.48
1940,Nebraska,129.04
1940,Nevada,NA
1940,New Hampshire,147.66
1940,New Jersey,301.99
1940,New Mexico,216.63
1940,New York,212.23
1940,North Carolina,210.27
1940,North Dakota,149.05
1940,Ohio,22.4
1940,Oklahoma,60.4
1940,Oregon,671.12
1940,Pennsylvania,148.62
1940,Rhode Island,467.72
1940,South Carolina,32.32
1940,South Dakota,253.83
1940,Tennessee,95.17
1940,Texas,249.88
1940,Utah,1363.22
1940,Vermont,241.07
1940,Virginia,203.84
1940,Washington,919.59
1940,West Virginia,29.79
1940,Wisconsin,636.45
1940,Wyoming,393.6
1941,Alabama,297.47
1941,Alaska,NA
1941,Arizona,615.29
1941,Arkansas,273.89
1941,California,174.42
1941,Colorado,661.75
1941,Connecticut,364.57
1941,Delaware,1268.35
1941,District Of Columbia,488.19
1941,Florida,459.76
1941,Georgia,294.12
1941,Hawaii,NA
1941,Idaho,102.03
1941,Illinois,613.14
1941,Indiana,381.63
1941,Iowa,197.87
1941,Kansas,764.47
1941,Kentucky,610.5
1941,Louisiana,35.01
1941,Maine,557.7
1941,Maryland,384.33
1941,Massachusetts,474.01
1941,Michigan,1119.5
1941,Minnesota,35.34
1941,Mississippi,NA
1941,Missouri,175.17
1941,Montana,161.21
1941,Nebraska,34.6
1941,Nevada,275.84
1941,New Hampshire,201.98
1941,New Jersey,1044.54
1941,New Mexico,778.1
1941,New York,789.51
1941,North Carolina,658.4
1941,North Dakota,223.2
1941,Ohio,1132.77
1941,Oklahoma,88.78
1941,Oregon,607.51
1941,Pennsylvania,1011.32
1941,Rhode Island,57.67
1941,South Carolina,481.97
1941,South Dakota,61.34
1941,Tennessee,278.13
1941,Texas,308.34
1941,Utah,281.09
1941,Vermont,384.64
1941,Virginia,1035.28
1941,Washington,118.23
1941,West Virginia,592.24
1941,Wisconsin,993.07
1941,Wyoming,381.73
1942,Alabama,126.15
1942,Alaska,NA
1942,Arizona,740.83
1942,Arkansas,232.7
1942,California,1222.01
1942,Colorado,505.49
1942,Connecticut,587.88
1942,Delaware,90.16
1942,District Of Columbia,190.76
1942,Florida,189.61
1942,Georgia,168.74
1942,Hawaii,NA
1942,Idaho,395.08
1942,Illinois,132.69
1942,Indiana,94.99
1942,Iowa,254.79
1942,Kansas,535.23
1942,Kentucky,84.08
1942,Louisiana,123.74
1942,Maine,540.61
1942,Maryland,535.19
1942,Massachusetts,564.89
1942,Michigan,168.35
1942,Minnesota,567.73
1942,Mississippi,NA
1942,Missouri,178.71
1942,Montana,588.48
1942,Nebraska,428.55
1942,Nevada,811.69
1942,New Hampshire,167.14
1942,New Jersey,322.1
1942,New Mexico,315.64
1942,New York,191.24
1942,North Carolina,564.86
1942,North Dakota,274.08
1942,Ohio,127.08
1942,Oklahoma,260.92
1942,Oregon,499.14
1942,Pennsylvania,380.42
1942,Rhode Island,609.25
1942,South Carolina,218.23
1942,South Dakota,143.09
1942,Tennessee,106.34
1942,Texas,517.23
1942,Utah,2589.06
1942,Vermont,1071.29
1942,Virginia,177.59
1942,Washington,645.64
1942,West Virginia,303.79
1942,Wisconsin,781.79
1942,Wyoming,635.27
1943,Alabama,130.82
1943,Alaska,NA
1943,Arizona,172.44
1943,Arkansas,162.6
1943,California,340.06
1943,Colorado,976.97
1943,Connecticut,550.38
1943,Delaware,564.55
1943,District Of Columbia,234.27
1943,Florida,68.57
1943,Georgia,126.45
1943,Hawaii,NA
1943,Idaho,650.9
1943,Illinois,328.45
1943,Indiana,263
1943,Iowa,242.8
1943,Kansas,547.84
1943,Kentucky,383.79
1943,Louisiana,106.44
1943,Maine,297.99
1943,Maryland,196.78
1943,Massachusetts,752.17
1943,Michigan,765.18
1943,Minnesota,398.01
1943,Mississippi,NA
1943,Missouri,196.08
1943,Montana,1122.06
1943,Nebraska,401.02
1943,Nevada,397.32
1943,New Hampshire,211.18
1943,New Jersey,927.14
1943,New Mexico,105.71
1943,New York,478.18
1943,North Carolina,165.96
1943,North Dakota,798.53
1943,Ohio,276.41
1943,Oklahoma,76.06
1943,Oregon,693.95
1943,Pennsylvania,563.08
1943,Rhode Island,296.39
1943,South Carolina,153.66
1943,South Dakota,507.31
1943,Tennessee,194.95
1943,Texas,233.42
1943,Utah,1211.27
1943,Vermont,2323.73
1943,Virginia,341.34
1943,Washington,765.07
1943,West Virginia,133.75
1943,Wisconsin,1290.54
1943,Wyoming,1088.61
1944,Alabama,252.87
1944,Alaska,NA
1944,Arizona,736.71
1944,Arkansas,207.51
1944,California,599.97
1944,Colorado,556.49
1944,Connecticut,493.5
1944,Delaware,138.4
1944,District Of Columbia,310.09
1944,Florida,189.74
1944,Georgia,171.51
1944,Hawaii,NA
1944,Idaho,182.34
1944,Illinois,239.79
1944,Indiana,149.11
1944,Iowa,201.38
1944,Kansas,551.62
1944,Kentucky,86.5
1944,Louisiana,104
1944,Maine,611.07
1944,Maryland,613.78
1944,Massachusetts,433.38
1944,Michigan,466.94
1944,Minnesota,770.53
1944,Mississippi,NA
1944,Missouri,155.96
1944,Montana,720.79
1944,Nebraska,186.13
1944,Nevada,244.43
1944,New Hampshire,126.01
1944,New Jersey,658.66
1944,New Mexico,303.73
1944,New York,334.85
1944,North Carolina,671.48
1944,North Dakota,644.36
1944,Ohio,557.93
1944,Oklahoma,166.8
1944,Oregon,239.87
1944,Pennsylvania,256.56
1944,Rhode Island,535.99
1944,South Carolina,363.6
1944,South Dakota,258.73
1944,Tennessee,184.38
1944,Texas,542.2
1944,Utah,200.67
1944,Vermont,751.46
1944,Virginia,475.42
1944,Washington,264.04
1944,West Virginia,497.22
1944,Wisconsin,1407.91
1944,Wyoming,728.08
1945,Alabama,27.33
1945,Alaska,NA
1945,Arizona,93.74
1945,Arkansas,69.5
1945,California,339.44
1945,Colorado,95.91
1945,Connecticut,170.2
1945,Delaware,96.86
1945,District Of Columbia,39.59
1945,Florida,39.63
1945,Georgia,27.53
1945,Hawaii,NA
1945,Idaho,259.93
1945,Illinois,103.25
1945,Indiana,33.51
1945,Iowa,61.4
1945,Kansas,95.98
1945,Kentucky,61.13
1945,Louisiana,41.15
1945,Maine,61.29
1945,Maryland,87.4
1945,Massachusetts,186.66
1945,Michigan,121.24
1945,Minnesota,62.96
1945,Mississippi,NA
1945,Missouri,30.22
1945,Montana,175.29
1945,Nebraska,71.57
1945,Nevada,71.8
1945,New Hampshire,33.9
1945,New Jersey,78.87
1945,New Mexico,67.9
1945,New York,52.41
1945,North Carolina,72.5
1945,North Dakota,64.11
1945,Ohio,49.82
1945,Oklahoma,51.13
1945,Oregon,156.32
1945,Pennsylvania,127.31
1945,Rhode Island,55.54
1945,South Carolina,78.91
1945,South Dakota,100.63
1945,Tennessee,65.8
1945,Texas,188.86
1945,Utah,746.1
1945,Vermont,179.96
1945,Virginia,64.45
1945,Washington,291.68
1945,West Virginia,79.64
1945,Wisconsin,165.52
1945,Wyoming,157.58
1946,Alabama,126.75
1946,Alaska,NA
1946,Arizona,498.69
1946,Arkansas,168.47
1946,California,575.16
1946,Colorado,992.74
1946,Connecticut,397.91
1946,Delaware,198.98
1946,District Of Columbia,465.92
1946,Florida,116.89
1946,Georgia,117.11
1946,Hawaii,NA
1946,Idaho,433.6
1946,Illinois,298.12
1946,Indiana,293.05
1946,Iowa,160.44
1946,Kansas,658.17
1946,Kentucky,269.63
1946,Louisiana,126.32
1946,Maine,578
1946,Maryland,488.43
1946,Massachusetts,798.36
1946,Michigan,627.93
1946,Minnesota,44.79
1946,Mississippi,NA
1946,Missouri,166.93
1946,Montana,422.65
1946,Nebraska,395.65
1946,Nevada,125.9
1946,New Hampshire,226.71
1946,New Jersey,1151.75
1946,New Mexico,215.41
1946,New York,600.82
1946,North Carolina,225.16
1946,North Dakota,40.84
1946,Ohio,200.43
1946,Oklahoma,188.97
1946,Oregon,453.37
1946,Pennsylvania,611.47
1946,Rhode Island,160.61
1946,South Carolina,358.19
1946,South Dakota,189.69
1946,Tennessee,150.47
1946,Texas,410.13
1946,Utah,1244.57
1946,Vermont,858.63
1946,Virginia,385.83
1946,Washington,513.61
1946,West Virginia,140.56
1946,Wisconsin,1333.6
1946,Wyoming,397.59
1947,Alabama,127.26
1947,Alaska,NA
1947,Arizona,224.49
1947,Arkansas,130.61
1947,California,74.98
1947,Colorado,142.93
1947,Connecticut,814.92
1947,Delaware,19.41
1947,District Of Columbia,60.15
1947,Florida,53.1
1947,Georgia,102.39
1947,Hawaii,NA
1947,Idaho,51.13
1947,Illinois,91.45
1947,Indiana,60.93
1947,Iowa,177.89
1947,Kansas,48.12
1947,Kentucky,30.12
1947,Louisiana,49.96
1947,Maine,504.58
1947,Maryland,50.88
1947,Massachusetts,252.7
1947,Michigan,148.06
1947,Minnesota,319.35
1947,Mississippi,14.96
1947,Missouri,33.55
1947,Montana,843.36
1947,Nebraska,37.4
1947,Nevada,18.45
1947,New Hampshire,61.04
1947,New Jersey,250.71
1947,New Mexico,226.78
1947,New York,108
1947,North Carolina,127.63
1947,North Dakota,236.08
1947,Ohio,239.45
1947,Oklahoma,10.79
1947,Oregon,71.91
1947,Pennsylvania,113.41
1947,Rhode Island,507.34
1947,South Carolina,161.86
1947,South Dakota,218.3
1947,Tennessee,61
1947,Texas,109.48
1947,Utah,99.24
1947,Vermont,1348.83
1947,Virginia,242.18
1947,Washington,63.82
1947,West Virginia,143.62
1947,Wisconsin,383.14
1947,Wyoming,170.19
1948,Alabama,69.09
1948,Alaska,NA
1948,Arizona,623.38
1948,Arkansas,208.3
1948,California,487.91
1948,Colorado,723.28
1948,Connecticut,140.62
1948,Delaware,333.13
1948,District Of Columbia,305.05
1948,Florida,152.39
1948,Georgia,37.8
1948,Hawaii,NA
1948,Idaho,275.2
1948,Illinois,426.99
1948,Indiana,366.54
1948,Iowa,352.26
1948,Kansas,58.31
1948,Kentucky,127.97
1948,Louisiana,57.63
1948,Maine,335.01
1948,Maryland,435.37
1948,Massachusetts,675
1948,Michigan,561.07
1948,Minnesota,286.3
1948,Mississippi,58.26
1948,Missouri,150.17
1948,Montana,341.6
1948,Nebraska,263.28
1948,Nevada,38.12
1948,New Hampshire,77.54
1948,New Jersey,715.45
1948,New Mexico,174.64
1948,New York,330.91
1948,North Carolina,26.97
1948,North Dakota,214.45
1948,Ohio,282.32
1948,Oklahoma,66.02
1948,Oregon,367.6
1948,Pennsylvania,306.69
1948,Rhode Island,48.43
1948,South Carolina,120.65
1948,South Dakota,140.26
1948,Tennessee,127.54
1948,Texas,583.88
1948,Utah,910.94
1948,Vermont,407.12
1948,Virginia,191.3
1948,Washington,482.29
1948,West Virginia,295.53
1948,Wisconsin,926.15
1948,Wyoming,805.41
1949,Alabama,368.8
1949,Alaska,NA
1949,Arizona,531.46
1949,Arkansas,667.72
1949,California,320.82
1949,Colorado,557.61
1949,Connecticut,935.63
1949,Delaware,234.53
1949,District Of Columbia,278.56
1949,Florida,144.03
1949,Georgia,288.7
1949,Hawaii,NA
1949,Idaho,511.03
1949,Illinois,65.92
1949,Indiana,100.14
1949,Iowa,87.03
1949,Kansas,882.31
1949,Kentucky,294.61
1949,Louisiana,51.62
1949,Maine,1108.87
1949,Maryland,740.27
1949,Massachusetts,556.88
1949,Michigan,312.1
1949,Minnesota,114.47
1949,Mississippi,106.74
1949,Missouri,203.8
1949,Montana,676.12
1949,Nebraska,207.99
1949,Nevada,60.53
1949,New Hampshire,230.6
1949,New Jersey,705.08
1949,New Mexico,671.44
1949,New York,353.09
1949,North Carolina,442.46
1949,North Dakota,245.95
1949,Ohio,268.29
1949,Oklahoma,354.07
1949,Oregon,684.38
1949,Pennsylvania,483.96
1949,Rhode Island,561.61
1949,South Carolina,453.08
1949,South Dakota,157.39
1949,Tennessee,252.76
1949,Texas,749.48
1949,Utah,526.54
1949,Vermont,1711.37
1949,Virginia,649.31
1949,Washington,551.2
1949,West Virginia,188.45
1949,Wisconsin,1171.07
1949,Wyoming,201.42
1950,Alabama,50.9
1950,Alaska,NA
1950,Arizona,315.95
1950,Arkansas,91.12
1950,California,137.92
1950,Colorado,395.37
1950,Connecticut,197.45
1950,Delaware,194.7
1950,District Of Columbia,213.51
1950,Florida,83.43
1950,Georgia,62.42
1950,Hawaii,13.22
1950,Idaho,324.05
1950,Illinois,200.35
1950,Indiana,169.41
1950,Iowa,399.49
1950,Kansas,93.17
1950,Kentucky,162.65
1950,Louisiana,28.57
1950,Maine,106.15
1950,Maryland,61.72
1950,Massachusetts,264.72
1950,Michigan,575.29
1950,Minnesota,125.16
1950,Mississippi,99.49
1950,Missouri,58.02
1950,Montana,300.15
1950,Nebraska,275.32
1950,Nevada,67.9
1950,New Hampshire,34.4
1950,New Jersey,601.68
1950,New Mexico,136.02
1950,New York,201.33
1950,North Carolina,118.87
1950,North Dakota,63.62
1950,Ohio,161.84
1950,Oklahoma,27.43
1950,Oregon,49.38
1950,Pennsylvania,165.44
1950,Rhode Island,30.68
1950,South Carolina,90.62
1950,South Dakota,102.59
1950,Tennessee,104.1
1950,Texas,175.65
1950,Utah,879.2
1950,Vermont,157.47
1950,Virginia,85.42
1950,Washington,142.61
1950,West Virginia,293.19
1950,Wisconsin,546.71
1950,Wyoming,209.99
1951,Alabama,103.24
1951,Alaska,NA
1951,Arizona,1351.49
1951,Arkansas,401.09
1951,California,548.36
1951,Colorado,934.02
1951,Connecticut,227.43
1951,Delaware,208.42
1951,District Of Columbia,185.16
1951,Florida,76.21
1951,Georgia,213.03
1951,Hawaii,955.24
1951,Idaho,358.07
1951,Illinois,187.66
1951,Indiana,102
1951,Iowa,103.78
1951,Kansas,572.19
1951,Kentucky,290.96
1951,Louisiana,78.73
1951,Maine,193.05
1951,Maryland,269.07
1951,Massachusetts,311.54
1951,Michigan,221.85
1951,Minnesota,93.36
1951,Mississippi,91.25
1951,Missouri,188.53
1951,Montana,416.62
1951,Nebraska,41.75
1951,Nevada,171.48
1951,New Hampshire,196.44
1951,New Jersey,395.01
1951,New Mexico,297.51
1951,New York,240.63
1951,North Carolina,81.37
1951,North Dakota,426.98
1951,Ohio,295.76
1951,Oklahoma,359.94
1951,Oregon,617.84
1951,Pennsylvania,299.86
1951,Rhode Island,113.3
1951,South Carolina,34.31
1951,South Dakota,106.72
1951,Tennessee,80.64
1951,Texas,808.78
1951,Utah,331.4
1951,Vermont,1130.93
1951,Virginia,408.71
1951,Washington,733.32
1951,West Virginia,227.24
1951,Wisconsin,958.07
1951,Wyoming,753.58
1952,Alabama,351.72
1952,Alaska,NA
1952,Arizona,424.59
1952,Arkansas,188.55
1952,California,335.25
1952,Colorado,386.92
1952,Connecticut,1179.01
1952,Delaware,119.34
1952,District Of Columbia,286.17
1952,Florida,109.99
1952,Georgia,225.42
1952,Hawaii,NA
1952,Idaho,196.07
1952,Illinois,294.52
1952,Indiana,179.11
1952,Iowa,120.84
1952,Kansas,326.07
1952,Kentucky,362.97
1952,Louisiana,23.97
1952,Maine,987.72
1952,Maryland,348.04
1952,Massachusetts,940.07
1952,Michigan,407.49
1952,Minnesota,96.98
1952,Mississippi,64.62
1952,Missouri,60.99
1952,Montana,643.92
1952,Nebraska,214.03
1952,Nevada,285.31
1952,New Hampshire,447.27
1952,New Jersey,1282.7
1952,New Mexico,210.63
1952,New York,500.59
1952,North Carolina,93.5
1952,North Dakota,432.14
1952,Ohio,248
1952,Oklahoma,92.03
1952,Oregon,209.73
1952,Pennsylvania,358.5
1952,Rhode Island,665.78
1952,South Carolina,81.69
1952,South Dakota,115.26
1952,Tennessee,200.48
1952,Texas,283.26
1952,Utah,652.51
1952,Vermont,1397.32
1952,Virginia,376.52
1952,Washington,243.78
1952,West Virginia,270
1952,Wisconsin,1140.83
1952,Wyoming,231.75
1953,Alabama,93.99
1953,Alaska,NA
1953,Arizona,557.91
1953,Arkansas,727.41
1953,California,438.91
1953,Colorado,684
1953,Connecticut,99.99
1953,Delaware,115.88
1953,District Of Columbia,44.05
1953,Florida,38.5
1953,Georgia,86.49
1953,Hawaii,NA
1953,Idaho,324.34
1953,Illinois,173.71
1953,Indiana,162.58
1953,Iowa,413.78
1953,Kansas,750.87
1953,Kentucky,134.51
1953,Louisiana,155.89
1953,Maine,181.55
1953,Maryland,79.46
1953,Massachusetts,68.28
1953,Michigan,322.98
1953,Minnesota,136.22
1953,Mississippi,115.46
1953,Missouri,218.84
1953,Montana,505.27
1953,Nebraska,183.75
1953,Nevada,102.3
1953,New Hampshire,50.71
1953,New Jersey,81.21
1953,New Mexico,662.89
1953,New York,74.14
1953,North Carolina,115.47
1953,North Dakota,254.43
1953,Ohio,314.96
1953,Oklahoma,173.09
1953,Oregon,558.14
1953,Pennsylvania,146.18
1953,Rhode Island,61.97
1953,South Carolina,89.38
1953,South Dakota,68.81
1953,Tennessee,84.73
1953,Texas,885.82
1953,Utah,775.41
1953,Vermont,148.93
1953,Virginia,138.96
1953,Washington,473.15
1953,West Virginia,309.56
1953,Wisconsin,1166.84
1953,Wyoming,497.54
1954,Alabama,280.39
1954,Alaska,691.67
1954,Arizona,531.51
1954,Arkansas,151.03
1954,California,473.05
1954,Colorado,127.66
1954,Connecticut,223.47
1954,Delaware,527.67
1954,District Of Columbia,383.3
1954,Florida,312.27
1954,Georgia,188.04
1954,Hawaii,99.86
1954,Idaho,734.17
1954,Illinois,358.74
1954,Indiana,517.12
1954,Iowa,477.14
1954,Kansas,66.41
1954,Kentucky,1026
1954,Louisiana,104.96
1954,Maine,626.75
1954,Maryland,433.86
1954,Massachusetts,475.05
1954,Michigan,568.61
1954,Minnesota,92.93
1954,Mississippi,145.94
1954,Missouri,37.88
1954,Montana,749.98
1954,Nebraska,191.6
1954,Nevada,182.19
1954,New Hampshire,168.21
1954,New Jersey,445.79
1954,New Mexico,355.99
1954,New York,548.37
1954,North Carolina,229.32
1954,North Dakota,454.18
1954,Ohio,322.29
1954,Oklahoma,152.18
1954,Oregon,244.37
1954,Pennsylvania,351.84
1954,Rhode Island,223.67
1954,South Carolina,254.91
1954,South Dakota,123.53
1954,Tennessee,416.4
1954,Texas,906.12
1954,Utah,1043.86
1954,Vermont,760.21
1954,Virginia,673.56
1954,Washington,857.47
1954,West Virginia,512.01
1954,Wisconsin,289.57
1954,Wyoming,391.79
1955,Alabama,69.68
1955,Alaska,241.87
1955,Arizona,1024.03
1955,Arkansas,173.54
1955,California,513.46
1955,Colorado,317.08
1955,Connecticut,1256.63
1955,Delaware,26.98
1955,District Of Columbia,57.69
1955,Florida,38.04
1955,Georgia,68.18
1955,Hawaii,1186.44
1955,Idaho,113.76
1955,Illinois,144.65
1955,Indiana,86.36
1955,Iowa,286.64
1955,Kansas,145.56
1955,Kentucky,76.09
1955,Louisiana,5.66
1955,Maine,710.48
1955,Maryland,83.51
1955,Massachusetts,957.5
1955,Michigan,309.13
1955,Minnesota,225.27
1955,Mississippi,72.75
1955,Missouri,96.52
1955,Montana,449.82
1955,Nebraska,12.07
1955,Nevada,165.37
1955,New Hampshire,831.44
1955,New Jersey,937.1
1955,New Mexico,621.75
1955,New York,241.44
1955,North Carolina,29.68
1955,North Dakota,407.81
1955,Ohio,170.31
1955,Oklahoma,132.27
1955,Oregon,295.16
1955,Pennsylvania,170.43
1955,Rhode Island,657.21
1955,South Carolina,53.33
1955,South Dakota,63.59
1955,Tennessee,172.07
1955,Texas,455.73
1955,Utah,101.05
1955,Vermont,1894.94
1955,Virginia,120.1
1955,Washington,425.03
1955,West Virginia,204.22
1955,Wisconsin,1389.05
1955,Wyoming,180.83
1956,Alabama,231.75
1956,Alaska,1120.98
1956,Arizona,644.32
1956,Arkansas,506.86
1956,California,235.21
1956,Colorado,873.22
1956,Connecticut,116.46
1956,Delaware,212.31
1956,District Of Columbia,210.28
1956,Florida,127.23
1956,Georgia,128.9
1956,Hawaii,922.02
1956,Idaho,317.56
1956,Illinois,441.99
1956,Indiana,368.17
1956,Iowa,307.41
1956,Kansas,200.78
1956,Kentucky,610.29
1956,Louisiana,69.64
1956,Maine,115.39
1956,Maryland,310.79
1956,Massachusetts,72
1956,Michigan,540.14
1956,Minnesota,40.74
1956,Mississippi,107.81
1956,Missouri,124.88
1956,Montana,1016.61
1956,Nebraska,178.58
1956,Nevada,55.2
1956,New Hampshire,35.34
1956,New Jersey,340.37
1956,New Mexico,495.32
1956,New York,308.53
1956,North Carolina,178.8
1956,North Dakota,362.47
1956,Ohio,477.29
1956,Oklahoma,440.45
1956,Oregon,135.02
1956,Pennsylvania,397.95
1956,Rhode Island,22.43
1956,South Carolina,384.74
1956,South Dakota,86.75
1956,Tennessee,617
1956,Texas,755.24
1956,Utah,284.17
1956,Vermont,340.86
1956,Virginia,634.53
1956,Washington,481.3
1956,West Virginia,587.09
1956,Wisconsin,715.74
1956,Wyoming,640.69
1957,Alabama,299.79
1957,Alaska,414.7
1957,Arizona,700.97
1957,Arkansas,78.41
1957,California,353.35
1957,Colorado,173.47
1957,Connecticut,409.99
1957,Delaware,78.13
1957,District Of Columbia,114.82
1957,Florida,120.36
1957,Georgia,155.66
1957,Hawaii,866.24
1957,Idaho,486.9
1957,Illinois,100.27
1957,Indiana,180.31
1957,Iowa,330.75
1957,Kansas,0.62
1957,Kentucky,557.76
1957,Louisiana,34.64
1957,Maine,478.88
1957,Maryland,79.68
1957,Massachusetts,222.05
1957,Michigan,234.85
1957,Minnesota,229.33
1957,Mississippi,61.45
1957,Missouri,102.2
1957,Montana,528.64
1957,Nebraska,16.79
1957,Nevada,592.31
1957,New Hampshire,69.01
1957,New Jersey,458.1
1957,New Mexico,747.33
1957,New York,233.63
1957,North Carolina,43.64
1957,North Dakota,629.25
1957,Ohio,86.94
1957,Oklahoma,66.1
1957,Oregon,879.25
1957,Pennsylvania,117.09
1957,Rhode Island,72.67
1957,South Carolina,248.22
1957,South Dakota,81.49
1957,Tennessee,455.99
1957,Texas,471.87
1957,Utah,1749.89
1957,Vermont,761.46
1957,Virginia,128.67
1957,Washington,614.37
1957,West Virginia,185.11
1957,Wisconsin,980.76
1957,Wyoming,69.46
1958,Alabama,242.34
1958,Alaska,562.06
1958,Arizona,825.18
1958,Arkansas,173.95
1958,California,235.72
1958,Colorado,566.11
1958,Connecticut,645.65
1958,Delaware,118.9
1958,District Of Columbia,187.57
1958,Florida,266.67
1958,Georgia,175.18
1958,Hawaii,95.08
1958,Idaho,591.94
1958,Illinois,233.09
1958,Indiana,396.55
1958,Iowa,463.82
1958,Kansas,3.32
1958,Kentucky,619.64
1958,Louisiana,9.05
1958,Maine,462.59
1958,Maryland,210.83
1958,Massachusetts,714.96
1958,Michigan,530.38
1958,Minnesota,37.83
1958,Mississippi,67.5
1958,Missouri,82.41
1958,Montana,1065.44
1958,Nebraska,108.79
1958,Nevada,73.6
1958,New Hampshire,368.01
1958,New Jersey,429.08
1958,New Mexico,912.17
1958,New York,364.15
1958,North Carolina,93.73
1958,North Dakota,714.58
1958,Ohio,312.78
1958,Oklahoma,317.88
1958,Oregon,529.02
1958,Pennsylvania,307.18
1958,Rhode Island,496.84
1958,South Carolina,472.18
1958,South Dakota,18.41
1958,Tennessee,793.55
1958,Texas,889.53
1958,Utah,458.83
1958,Vermont,549.2
1958,Virginia,550.15
1958,Washington,384.18
1958,West Virginia,657.2
1958,Wisconsin,1665.37
1958,Wyoming,433.31
1959,Alabama,108.19
1959,Alaska,816.55
1959,Arizona,719.02
1959,Arkansas,46.49
1959,California,251.82
1959,Colorado,411.5
1959,Connecticut,516.46
1959,Delaware,139.7
1959,District Of Columbia,52.17
1959,Florida,74.68
1959,Georgia,11.54
1959,Hawaii,592.6
1959,Idaho,247.2
1959,Illinois,96.16
1959,Indiana,99.64
1959,Iowa,420.25
1959,Kansas,NA
1959,Kentucky,221.65
1959,Louisiana,2.08
1959,Maine,270.41
1959,Maryland,76.08
1959,Massachusetts,123.22
1959,Michigan,147.69
1959,Minnesota,80.06
1959,Mississippi,66.43
1959,Missouri,84.71
1959,Montana,625.59
1959,Nebraska,29.32
1959,Nevada,220.09
1959,New Hampshire,76.52
1959,New Jersey,502.21
1959,New Mexico,484.03
1959,New York,140.21
1959,North Carolina,73.12
1959,North Dakota,899.54
1959,Ohio,124.39
1959,Oklahoma,29.15
1959,Oregon,447.57
1959,Pennsylvania,247.52
1959,Rhode Island,35.92
1959,South Carolina,82.91
1959,South Dakota,129.12
1959,Tennessee,275.98
1959,Texas,360.65
1959,Utah,670.89
1959,Vermont,525.59
1959,Virginia,349.29
1959,Washington,512.47
1959,West Virginia,406.39
1959,Wisconsin,384.77
1959,Wyoming,281.2
1960,Alabama,63.33
1960,Alaska,635.79
1960,Arizona,325.91
1960,Arkansas,89.24
1960,California,140.03
1960,Colorado,384.73
1960,Connecticut,434.62
1960,Delaware,212.92
1960,District Of Columbia,158.16
1960,Florida,74.46
1960,Georgia,5.53
1960,Hawaii,829
1960,Idaho,421.92
1960,Illinois,224.66
1960,Indiana,223.08
1960,Iowa,64
1960,Kansas,NA
1960,Kentucky,352.98
1960,Louisiana,7.46
1960,Maine,413.05
1960,Maryland,104.48
1960,Massachusetts,420.58
1960,Michigan,451.59
1960,Minnesota,126.3
1960,Mississippi,76.35
1960,Missouri,17.35
1960,Montana,313.99
1960,Nebraska,14.81
1960,Nevada,262.89
1960,New Hampshire,186.36
1960,New Jersey,175.27
1960,New Mexico,6.81
1960,New York,277.27
1960,North Carolina,27.06
1960,North Dakota,390.56
1960,Ohio,191.15
1960,Oklahoma,51.72
1960,Oregon,624.94
1960,Pennsylvania,59.7
1960,Rhode Island,227.84
1960,South Carolina,53.68
1960,South Dakota,17.59
1960,Tennessee,535.9
1960,Texas,516.19
1960,Utah,551.77
1960,Vermont,893.32
1960,Virginia,185.6
1960,Washington,456.2
1960,West Virginia,190.39
1960,Wisconsin,1090.16
1960,Wyoming,209.63
1961,Alabama,78.01
1961,Alaska,420.96
1961,Arizona,559.22
1961,Arkansas,93.26
1961,California,223.42
1961,Colorado,210.35
1961,Connecticut,261.76
1961,Delaware,368.35
1961,District Of Columbia,47.09
1961,Florida,127.69
1961,Georgia,10.24
1961,Hawaii,29.62
1961,Idaho,281.75
1961,Illinois,159
1961,Indiana,124.69
1961,Iowa,192.53
1961,Kansas,NA
1961,Kentucky,368.68
1961,Louisiana,1.23
1961,Maine,279.08
1961,Maryland,130.28
1961,Massachusetts,416.44
1961,Michigan,349.41
1961,Minnesota,20.6
1961,Mississippi,68.9
1961,Missouri,102.09
1961,Montana,326.15
1961,Nebraska,44.19
1961,Nevada,197.74
1961,New Hampshire,234.64
1961,New Jersey,293.59
1961,New Mexico,2.07
1961,New York,207.29
1961,North Carolina,110.7
1961,North Dakota,439
1961,Ohio,208.73
1961,Oklahoma,25.07
1961,Oregon,322.05
1961,Pennsylvania,226.11
1961,Rhode Island,766.11
1961,South Carolina,136.63
1961,South Dakota,21.72
1961,Tennessee,403.1
1961,Texas,164.07
1961,Utah,179.6
1961,Vermont,295.88
1961,Virginia,285.95
1961,Washington,301.32
1961,West Virginia,429.01
1961,Wisconsin,932.93
1961,Wyoming,143.65
1962,Alabama,71.58
1962,Alaska,571.54
1962,Arizona,431.74
1962,Arkansas,77.61
1962,California,164.86
1962,Colorado,474
1962,Connecticut,672.06
1962,Delaware,129.42
1962,District Of Columbia,89.2
1962,Florida,76.09
1962,Georgia,10.19
1962,Hawaii,387.29
1962,Idaho,234.12
1962,Illinois,163.37
1962,Indiana,161.79
1962,Iowa,393.63
1962,Kansas,NA
1962,Kentucky,202.29
1962,Louisiana,6.9
1962,Maine,718.01
1962,Maryland,96.62
1962,Massachusetts,511.33
1962,Michigan,318.95
1962,Minnesota,47.43
1962,Mississippi,119.04
1962,Missouri,31.73
1962,Montana,1181.36
1962,Nebraska,8.13
1962,Nevada,191.47
1962,New Hampshire,163.62
1962,New Jersey,510.19
1962,New Mexico,NA
1962,New York,273
1962,North Carolina,19.27
1962,North Dakota,583.22
1962,Ohio,118.46
1962,Oklahoma,86.46
1962,Oregon,766.23
1962,Pennsylvania,83.08
1962,Rhode Island,378.97
1962,South Carolina,38.4
1962,South Dakota,64.25
1962,Tennessee,666.32
1962,Texas,665.61
1962,Utah,430.57
1962,Vermont,518.32
1962,Virginia,231.09
1962,Washington,704.07
1962,West Virginia,551.12
1962,Wisconsin,365.34
1962,Wyoming,142.93
1963,Alabama,34.74
1963,Alaska,722.27
1963,Arizona,583.67
1963,Arkansas,77.5
1963,California,113.36
1963,Colorado,325.28
1963,Connecticut,214.81
1963,Delaware,248.69
1963,District Of Columbia,27.76
1963,Florida,66.69
1963,Georgia,4.78
1963,Hawaii,521.83
1963,Idaho,572.48
1963,Illinois,98.55
1963,Indiana,122.36
1963,Iowa,280.07
1963,Kansas,NA
1963,Kentucky,284.88
1963,Louisiana,4.26
1963,Maine,48.49
1963,Maryland,60.08
1963,Massachusetts,84.1
1963,Michigan,516.65
1963,Minnesota,76.78
1963,Mississippi,29.85
1963,Missouri,64.05
1963,Montana,482.41
1963,Nebraska,15.86
1963,Nevada,67.74
1963,New Hampshire,6.44
1963,New Jersey,160.62
1963,New Mexico,NA
1963,New York,107.71
1963,North Carolina,30.53
1963,North Dakota,677.98
1963,Ohio,146.63
1963,Oklahoma,14.17
1963,Oregon,258.3
1963,Pennsylvania,106.13
1963,Rhode Island,139.6
1963,South Carolina,95.75
1963,South Dakota,12.53
1963,Tennessee,183.55
1963,Texas,164.36
1963,Utah,316.23
1963,Vermont,405.8
1963,Virginia,172.45
1963,Washington,166.94
1963,West Virginia,696.29
1963,Wisconsin,1413.07
1963,Wyoming,97.92
1964,Alabama,533.68
1964,Alaska,439.89
1964,Arizona,405.54
1964,Arkansas,58.28
1964,California,179.9
1964,Colorado,164.43
1964,Connecticut,189.03
1964,Delaware,79.26
1964,District Of Columbia,43.14
1964,Florida,121.55
1964,Georgia,4.92
1964,Hawaii,123.18
1964,Idaho,336.19
1964,Illinois,149.33
1964,Indiana,458.81
1964,Iowa,819.82
1964,Kansas,NA
1964,Kentucky,481.84
1964,Louisiana,3.44
1964,Maine,373.91
1964,Maryland,89.51
1964,Massachusetts,135.92
1964,Michigan,354.48
1964,Minnesota,9.73
1964,Mississippi,261.46
1964,Missouri,24.26
1964,Montana,579.59
1964,Nebraska,54.63
1964,Nevada,233.77
1964,New Hampshire,134.65
1964,New Jersey,176.38
1964,New Mexico,111.15
1964,New York,156.92
1964,North Carolina,26.32
1964,North Dakota,813.23
1964,Ohio,191.15
1964,Oklahoma,42.41
1964,Oregon,453.01
1964,Pennsylvania,101.85
1964,Rhode Island,279.32
1964,South Carolina,161.62
1964,South Dakota,9.86
1964,Tennessee,629.43
1964,Texas,383.18
1964,Utah,260.75
1964,Vermont,596.77
1964,Virginia,274.81
1964,Washington,674.69
1964,West Virginia,518.7
1964,Wisconsin,370.35
1964,Wyoming,84.29
1965,Alabama,68.2
1965,Alaska,79.38
1965,Arizona,100.6
1965,Arkansas,63.08
1965,California,74.6
1965,Colorado,302.7
1965,Connecticut,322.89
1965,Delaware,102.38
1965,District Of Columbia,19.76
1965,Florida,62.29
1965,Georgia,15.1
1965,Hawaii,575.8
1965,Idaho,454.66
1965,Illinois,42.68
1965,Indiana,48.06
1965,Iowa,339.54
1965,Kansas,NA
1965,Kentucky,121.06
1965,Louisiana,3.85
1965,Maine,295.75
1965,Maryland,35.52
1965,Massachusetts,354.49
1965,Michigan,336.98
1965,Minnesota,26.46
1965,Mississippi,51.15
1965,Missouri,60.2
1965,Montana,556.37
1965,Nebraska,31.99
1965,Nevada,50.71
1965,New Hampshire,55.03
1965,New Jersey,61.18
1965,New Mexico,68.59
1965,New York,52.37
1965,North Carolina,8.59
1965,North Dakota,623.26
1965,Ohio,90.96
1965,Oklahoma,9.97
1965,Oregon,181.74
1965,Pennsylvania,57.21
1965,Rhode Island,444.82
1965,South Carolina,50.55
1965,South Dakota,16.73
1965,Tennessee,238.12
1965,Texas,284.32
1965,Utah,444.86
1965,Vermont,360.66
1965,Virginia,93.32
1965,Washington,255.7
1965,West Virginia,832.69
1965,Wisconsin,482.22
1965,Wyoming,226.15
1966,Alabama,52.38
1966,Alaska,236.57
1966,Arizona,336.9
1966,Arkansas,72.49
1966,California,80.59
1966,Colorado,72
1966,Connecticut,32.51
1966,Delaware,51.14
1966,District Of Columbia,49.3
1966,Florida,64.38
1966,Georgia,5.59
1966,Hawaii,20.36
1966,Idaho,246.93
1966,Illinois,106.31
1966,Indiana,116.34
1966,Iowa,197.39
1966,Kansas,NA
1966,Kentucky,154.21
1966,Louisiana,3.02
1966,Maine,29.7
1966,Maryland,57.77
1966,Massachusetts,15.02
1966,Michigan,176.04
1966,Minnesota,46.56
1966,Mississippi,56.99
1966,Missouri,12.54
1966,Montana,272.69
1966,Nebraska,11.64
1966,Nevada,14.34
1966,New Hampshire,11.59
1966,New Jersey,29.39
1966,New Mexico,126.32
1966,New York,61.06
1966,North Carolina,15.88
1966,North Dakota,212.64
1966,Ohio,63.04
1966,Oklahoma,25.25
1966,Oregon,126.91
1966,Pennsylvania,47.16
1966,Rhode Island,9.75
1966,South Carolina,26.31
1966,South Dakota,5.87
1966,Tennessee,332.74
1966,Texas,239.95
1966,Utah,68.2
1966,Vermont,79.16
1966,Virginia,50.58
1966,Washington,166.67
1966,West Virginia,313.45
1966,Wisconsin,736.07
1966,Wyoming,72.79
1967,Alabama,38.98
1967,Alaska,53.27
1967,Arizona,62.08
1967,Arkansas,66.76
1967,California,27.45
1967,Colorado,79.64
1967,Connecticut,3.57
1967,Delaware,10.64
1967,District Of Columbia,3.46
1967,Florida,28.92
1967,Georgia,0.96
1967,Hawaii,24.46
1967,Idaho,60.05
1967,Illinois,11.93
1967,Indiana,13.46
1967,Iowa,29.6
1967,Kansas,4.44
1967,Kentucky,46.83
1967,Louisiana,4.46
1967,Maine,24.63
1967,Maryland,4.86
1967,Massachusetts,7.47
1967,Michigan,13.3
1967,Minnesota,3.76
1967,Mississippi,30.34
1967,Missouri,7.47
1967,Montana,48.96
1967,Nebraska,36.53
1967,Nevada,59.9
1967,New Hampshire,3.86
1967,New Jersey,8.8
1967,New Mexico,61.2
1967,New York,6.68
1967,North Carolina,19.03
1967,North Dakota,143.16
1967,Ohio,11.74
1967,Oklahoma,32.35
1967,Oregon,86.72
1967,Pennsylvania,6.81
1967,Rhode Island,6.82
1967,South Carolina,20.44
1967,South Dakota,8.67
1967,Tennessee,53.62
1967,Texas,125.32
1967,Utah,37.81
1967,Vermont,9.96
1967,Virginia,51.99
1967,Washington,178.9
1967,West Virginia,84.57
1967,Wisconsin,49.53
1967,Wyoming,64.27
1968,Alabama,4.65
1968,Alaska,3.86
1968,Arizona,14.61
1968,Arkansas,0.15
1968,California,8.49
1968,Colorado,23.54
1968,Connecticut,23.82
1968,Delaware,4.51
1968,District Of Columbia,0.78
1968,Florida,8.94
1968,Georgia,0.08
1968,Hawaii,5.05
1968,Idaho,3
1968,Illinois,13.52
1968,Indiana,15.55
1968,Iowa,6.58
1968,Kansas,0.96
1968,Kentucky,4.37
1968,Louisiana,0.79
1968,Maine,3.51
1968,Maryland,2.75
1968,Massachusetts,9.84
1968,Michigan,4.03
1968,Minnesota,0.52
1968,Mississippi,10.91
1968,Missouri,0.69
1968,Montana,9.69
1968,Nebraska,4.59
1968,Nevada,1.74
1968,New Hampshire,21.01
1968,New Jersey,9.74
1968,New Mexico,17.64
1968,New York,21.07
1968,North Carolina,6.48
1968,North Dakota,22.83
1968,Ohio,3.25
1968,Oklahoma,4.96
1968,Oregon,30.7
1968,Pennsylvania,2.54
1968,Rhode Island,7.28
1968,South Carolina,1.52
1968,South Dakota,0.6
1968,Tennessee,1.73
1968,Texas,47.58
1968,Utah,2.04
1968,Vermont,1.85
1968,Virginia,9.49
1968,Washington,18.25
1968,West Virginia,20.5
1968,Wisconsin,31.89
1968,Wyoming,17
1969,Alabama,0.36
1969,Alaska,6.77
1969,Arizona,31.21
1969,Arkansas,1.51
1969,California,4.57
1969,Colorado,6.43
1969,Connecticut,21.39
1969,Delaware,93.73
1969,District Of Columbia,5.89
1969,Florida,9.27
1969,Georgia,0.04
1969,Hawaii,7.02
1969,Idaho,12.74
1969,Illinois,10.16
1969,Indiana,10.51
1969,Iowa,9.98
1969,Kansas,0.38
1969,Kentucky,2.21
1969,Louisiana,3.46
1969,Maine,0.8
1969,Maryland,2.6
1969,Massachusetts,6.59
1969,Michigan,4.46
1969,Minnesota,0.75
1969,Mississippi,1.1
1969,Missouri,1.57
1969,Montana,17.13
1969,Nebraska,44.87
1969,Nevada,0.21
1969,New Hampshire,27.1
1969,New Jersey,13.46
1969,New Mexico,28.3
1969,New York,30.48
1969,North Carolina,7.46
1969,North Dakota,13.03
1969,Ohio,5.38
1969,Oklahoma,5.63
1969,Oregon,9.83
1969,Pennsylvania,10.66
1969,Rhode Island,2.9
1969,South Carolina,5.34
1969,South Dakota,7.64
1969,Tennessee,0.53
1969,Texas,44.87
1969,Utah,1.09
1969,Vermont,0.69
1969,Virginia,20.26
1969,Washington,1.68
1969,West Virginia,13.82
1969,Wisconsin,15.33
1969,Wyoming,2.43
1970,Alabama,13.94
1970,Alaska,33.61
1970,Arizona,53.05
1970,Arkansas,1.66
1970,California,9.55
1970,Colorado,10.41
1970,Connecticut,3.82
1970,Delaware,47.46
1970,District Of Columbia,46
1970,Florida,20.19
1970,Georgia,0.36
1970,Hawaii,23.86
1970,Idaho,13.32
1970,Illinois,29.38
1970,Indiana,5.5
1970,Iowa,31.42
1970,Kansas,3.35
1970,Kentucky,32.39
1970,Louisiana,8.34
1970,Maine,41.48
1970,Maryland,34.61
1970,Massachusetts,15.75
1970,Michigan,20.28
1970,Minnesota,1.29
1970,Mississippi,6.07
1970,Missouri,16.45
1970,Montana,16.01
1970,Nebraska,52.32
1970,Nevada,4.03
1970,New Hampshire,8.4
1970,New Jersey,23.46
1970,New Mexico,28.59
1970,New York,8.57
1970,North Carolina,19.47
1970,North Dakota,51.25
1970,Ohio,37.7
1970,Oklahoma,30.63
1970,Oregon,21.15
1970,Pennsylvania,17.65
1970,Rhode Island,11.4
1970,South Carolina,24.01
1970,South Dakota,15.79
1970,Tennessee,13.53
1970,Texas,72.35
1970,Utah,3.52
1970,Vermont,1.98
1970,Virginia,51.91
1970,Washington,19.71
1970,West Virginia,19.73
1970,Wisconsin,31.02
1970,Wyoming,3.23
1971,Alabama,55.24
1971,Alaska,19.42
1971,Arizona,25.39
1971,Arkansas,21.91
1971,California,13.88
1971,Colorado,37.17
1971,Connecticut,38.91
1971,Delaware,7.27
1971,District Of Columbia,2.12
1971,Florida,30.83
1971,Georgia,23.59
1971,Hawaii,59.03
1971,Idaho,35.9
1971,Illinois,29.04
1971,Indiana,58.23
1971,Iowa,94.79
1971,Kansas,62.42
1971,Kentucky,111.46
1971,Louisiana,42.19
1971,Maine,120.27
1971,Maryland,13.6
1971,Massachusetts,8.07
1971,Michigan,28.89
1971,Minnesota,2.06
1971,Mississippi,66.8
1971,Missouri,42.81
1971,Montana,112.98
1971,Nebraska,4.88
1971,Nevada,1.28
1971,New Hampshire,26.65
1971,New Jersey,17.39
1971,New Mexico,37.27
1971,New York,23.92
1971,North Carolina,35.89
1971,North Dakota,36.17
1971,Ohio,37.07
1971,Oklahoma,25.06
1971,Oregon,15.97
1971,Pennsylvania,15.63
1971,Rhode Island,24.72
1971,South Carolina,32.77
1971,South Dakota,31.34
1971,Tennessee,24.69
1971,Texas,77.41
1971,Utah,30.04
1971,Vermont,26.6
1971,Virginia,32.37
1971,Washington,33.15
1971,West Virginia,31.99
1971,Wisconsin,87.53
1971,Wyoming,24.49
1972,Alabama,4.02
1972,Alaska,3.94
1972,Arizona,40.83
1972,Arkansas,0.65
1972,California,15.43
1972,Colorado,20.88
1972,Connecticut,50.08
1972,Delaware,9.66
1972,District Of Columbia,0.27
1972,Florida,17.64
1972,Georgia,3.56
1972,Hawaii,11.24
1972,Idaho,14.09
1972,Illinois,40.22
1972,Indiana,23.8
1972,Iowa,33.27
1972,Kansas,1.72
1972,Kentucky,14.43
1972,Louisiana,3.26
1972,Maine,20.98
1972,Maryland,0.27
1972,Massachusetts,21.96
1972,Michigan,25.72
1972,Minnesota,0.73
1972,Mississippi,9.05
1972,Missouri,3.7
1972,Montana,2.35
1972,Nebraska,1.61
1972,Nevada,0.18
1972,New Hampshire,98.96
1972,New Jersey,5.64
1972,New Mexico,12.07
1972,New York,3.61
1972,North Carolina,0.71
1972,North Dakota,9.49
1972,Ohio,2.82
1972,Oklahoma,0.5
1972,Oregon,8.95
1972,Pennsylvania,0.61
1972,Rhode Island,52.25
1972,South Carolina,7.63
1972,South Dakota,1.78
1972,Tennessee,4.66
1972,Texas,13.17
1972,Utah,13.71
1972,Vermont,17.07
1972,Virginia,1.54
1972,Washington,28.37
1972,West Virginia,15.51
1972,Wisconsin,76.34
1972,Wyoming,14.4
1973,Alabama,0.42
1973,Alaska,1.47
1973,Arizona,1.12
1973,Arkansas,3.71
1973,California,3.82
1973,Colorado,6.55
1973,Connecticut,59.17
1973,Delaware,1.71
1973,District Of Columbia,1.4
1973,Florida,4.7
1973,Georgia,1.02
1973,Hawaii,3.52
1973,Idaho,31.71
1973,Illinois,19.48
1973,Indiana,13.27
1973,Iowa,10.12
1973,Kansas,1.19
1973,Kentucky,12.38
1973,Louisiana,2.37
1973,Maine,5.32
1973,Maryland,0.32
1973,Massachusetts,69.12
1973,Michigan,46.65
1973,Minnesota,0.65
1973,Mississippi,2.71
1973,Missouri,1.15
1973,Montana,48.63
1973,Nebraska,0.37
1973,Nevada,0.17
1973,New Hampshire,90.34
1973,New Jersey,10.1
1973,New Mexico,14.03
1973,New York,9.79
1973,North Carolina,0.12
1973,North Dakota,11.22
1973,Ohio,3.77
1973,Oklahoma,2.46
1973,Oregon,19.52
1973,Pennsylvania,3.44
1973,Rhode Island,68.09
1973,South Carolina,2.86
1973,South Dakota,0.44
1973,Tennessee,3.9
1973,Texas,4.06
1973,Utah,10.74
1973,Vermont,25.57
1973,Virginia,8.74
1973,Washington,25.03
1973,West Virginia,12.58
1973,Wisconsin,29.97
1973,Wyoming,19.68
1974,Alabama,0.58
1974,Alaska,0.27
1974,Arizona,0.89
1974,Arkansas,0.66
1974,California,5.14
1974,Colorado,6.13
1974,Connecticut,5.6
1974,Delaware,2.72
1974,District Of Columbia,0.14
1974,Florida,2.7
1974,Georgia,0.06
1974,Hawaii,7.1
1974,Idaho,6.48
1974,Illinois,18.73
1974,Indiana,4.86
1974,Iowa,4.6
1974,Kansas,8.25
1974,Kentucky,5.52
1974,Louisiana,0.38
1974,Maine,3.44
1974,Maryland,0.57
1974,Massachusetts,7.08
1974,Michigan,25.06
1974,Minnesota,2.21
1974,Mississippi,0.61
1974,Missouri,5.49
1974,Montana,46.2
1974,Nebraska,6.08
1974,Nevada,26.76
1974,New Hampshire,20.26
1974,New Jersey,75.03
1974,New Mexico,5.35
1974,New York,7.83
1974,North Carolina,0.12
1974,North Dakota,5.82
1974,Ohio,27.44
1974,Oklahoma,1.1
1974,Oregon,1.03
1974,Pennsylvania,7.74
1974,Rhode Island,6.58
1974,South Carolina,1.96
1974,South Dakota,4.12
1974,Tennessee,1.29
1974,Texas,1.43
1974,Utah,1.21
1974,Vermont,11.88
1974,Virginia,0.86
1974,Washington,2.22
1974,West Virginia,12.68
1974,Wisconsin,13.9
1974,Wyoming,4.46
1975,Alabama,0.13
1975,Alaska,NA
1975,Arizona,3.53
1975,Arkansas,0.1
1975,California,23.78
1975,Colorado,44.44
1975,Connecticut,4.16
1975,Delaware,5.94
1975,District Of Columbia,0.28
1975,Florida,0.94
1975,Georgia,0.78
1975,Hawaii,7.17
1975,Idaho,2.35
1975,Illinois,16.49
1975,Indiana,9.67
1975,Iowa,24.11
1975,Kansas,93.3
1975,Kentucky,4.55
1975,Louisiana,0.09
1975,Maine,1.44
1975,Maryland,1.54
1975,Massachusetts,2.69
1975,Michigan,35.27
1975,Minnesota,5.83
1975,Mississippi,1.47
1975,Missouri,5.41
1975,Montana,6.98
1975,Nebraska,25.54
1975,Nevada,4.3
1975,New Hampshire,2.39
1975,New Jersey,6.48
1975,New Mexico,9.07
1975,New York,6.83
1975,North Carolina,0.06
1975,North Dakota,131.87
1975,Ohio,1.1
1975,Oklahoma,9.64
1975,Oregon,8.43
1975,Pennsylvania,4.78
1975,Rhode Island,0.54
1975,South Carolina,0.57
1975,South Dakota,51.88
1975,Tennessee,4.09
1975,Texas,2.23
1975,Utah,27.85
1975,Vermont,15.28
1975,Virginia,0.85
1975,Washington,8.14
1975,West Virginia,11.73
1975,Wisconsin,32.03
1975,Wyoming,0.75
1976,Alabama,NA
1976,Alaska,2.73
1976,Arizona,10
1976,Arkansas,0.91
1976,California,10.41
1976,Colorado,16.67
1976,Connecticut,7.64
1976,Delaware,18.8
1976,District Of Columbia,1.94
1976,Florida,3.78
1976,Georgia,0.1
1976,Hawaii,1.2
1976,Idaho,224.33
1976,Illinois,17.86
1976,Indiana,79.97
1976,Iowa,1.4
1976,Kansas,32.17
1976,Kentucky,21.88
1976,Louisiana,7.76
1976,Maine,0.9
1976,Maryland,19.9
1976,Massachusetts,0.74
1976,Michigan,65.64
1976,Minnesota,10.83
1976,Mississippi,0.73
1976,Missouri,4.8
1976,Montana,65.89
1976,Nebraska,3.52
1976,Nevada,12.4
1976,New Hampshire,1.13
1976,New Jersey,8.56
1976,New Mexico,1.3
1976,New York,17.38
1976,North Carolina,0.35
1976,North Dakota,0.46
1976,Ohio,6.76
1976,Oklahoma,9.99
1976,Oregon,7.12
1976,Pennsylvania,28.5
1976,Rhode Island,2.23
1976,South Carolina,0.15
1976,South Dakota,0.74
1976,Tennessee,4.8
1976,Texas,2.04
1976,Utah,166.51
1976,Vermont,34.37
1976,Virginia,16.49
1976,Washington,10.26
1976,West Virginia,11.01
1976,Wisconsin,88.54
1976,Wyoming,0.97
1977,Alabama,2.06
1977,Alaska,15.07
1977,Arizona,8.71
1977,Arkansas,2.04
1977,California,34.75
1977,Colorado,15.7
1977,Connecticut,25.02
1977,Delaware,1.18
1977,District Of Columbia,2.1
1977,Florida,3.3
1977,Georgia,14.41
1977,Hawaii,4.73
1977,Idaho,18.56
1977,Illinois,16.56
1977,Indiana,71.15
1977,Iowa,123.72
1977,Kansas,61.23
1977,Kentucky,33.04
1977,Louisiana,2.2
1977,Maine,15.91
1977,Maryland,8.48
1977,Massachusetts,12.3
1977,Michigan,13.5
1977,Minnesota,68.06
1977,Mississippi,2.08
1977,Missouri,18.57
1977,Montana,119.65
1977,Nebraska,13.69
1977,Nevada,10.87
1977,New Hampshire,29.05
1977,New Jersey,2.67
1977,New Mexico,1.92
1977,New York,26.19
1977,North Carolina,0.93
1977,North Dakota,4.74
1977,Ohio,17.29
1977,Oklahoma,1.72
1977,Oregon,12.77
1977,Pennsylvania,27.09
1977,Rhode Island,6.76
1977,South Carolina,3.28
1977,South Dakota,10.62
1977,Tennessee,15.75
1977,Texas,13.99
1977,Utah,1.75
1977,Vermont,47.16
1977,Virginia,50.79
1977,Washington,12.41
1977,West Virginia,13.87
1977,Wisconsin,45.35
1977,Wyoming,5.77
1978,Alabama,3.43
1978,Alaska,0.5
1978,Arizona,2.52
1978,Arkansas,0.96
1978,California,2.81
1978,Colorado,1.8
1978,Connecticut,17.04
1978,Delaware,1.87
1978,District Of Columbia,0.3
1978,Florida,11.6
1978,Georgia,1.06
1978,Hawaii,2.17
1978,Idaho,0.43
1978,Illinois,6.98
1978,Indiana,3.95
1978,Iowa,2.96
1978,Kansas,4.5
1978,Kentucky,3.35
1978,Louisiana,21.25
1978,Maine,117.78
1978,Maryland,1.23
1978,Massachusetts,5.45
1978,Michigan,82.22
1978,Minnesota,2.09
1978,Mississippi,31.21
1978,Missouri,3.53
1978,Montana,13.86
1978,Nebraska,0.51
1978,Nevada,2.6
1978,New Hampshire,7.15
1978,New Jersey,1.01
1978,New Mexico,NA
1978,New York,10.44
1978,North Carolina,2.15
1978,North Dakota,27.44
1978,Ohio,4.67
1978,Oklahoma,0.91
1978,Oregon,20.58
1978,Pennsylvania,2.81
1978,Rhode Island,0.85
1978,South Carolina,6.44
1978,South Dakota,NA
1978,Tennessee,22.26
1978,Texas,7.54
1978,Utah,3.24
1978,Vermont,10.52
1978,Virginia,49.89
1978,Washington,10.62
1978,West Virginia,45.55
1978,Wisconsin,33.27
1978,Wyoming,NA
1979,Alabama,3.35
1979,Alaska,4.48
1979,Arizona,3.25
1979,Arkansas,0.47
1979,California,4.08
1979,Colorado,2.48
1979,Connecticut,0.12
1979,Delaware,0.17
1979,District Of Columbia,0.16
1979,Florida,6.2
1979,Georgia,10.14
1979,Hawaii,7.95
1979,Idaho,2.34
1979,Illinois,11.6
1979,Indiana,3.67
1979,Iowa,0.53
1979,Kansas,3.14
1979,Kentucky,1.63
1979,Louisiana,6.2
1979,Maine,1.89
1979,Maryland,0.38
1979,Massachusetts,0.49
1979,Michigan,9.43
1979,Minnesota,29.85
1979,Mississippi,1.08
1979,Missouri,9.72
1979,Montana,7.87
1979,Nebraska,4.26
1979,Nevada,2.61
1979,New Hampshire,3.18
1979,New Jersey,0.66
1979,New Mexico,3.15
1979,New York,8.94
1979,North Carolina,1.97
1979,North Dakota,2.6
1979,Ohio,3.02
1979,Oklahoma,0.85
1979,Oregon,2.78
1979,Pennsylvania,0.57
1979,Rhode Island,10.88
1979,South Carolina,3.35
1979,South Dakota,0.28
1979,Tennessee,1.73
1979,Texas,4.54
1979,Utah,1.52
1979,Vermont,23.31
1979,Virginia,6.01
1979,Washington,25.15
1979,West Virginia,4.54
1979,Wisconsin,13.76
1979,Wyoming,0.43
1980,Alabama,0.57
1980,Alaska,1.44
1980,Arizona,11.63
1980,Arkansas,0.76
1980,California,3.65
1980,Colorado,0.77
1980,Connecticut,0.85
1980,Delaware,0.68
1980,District Of Columbia,0.79
1980,Florida,4.04
1980,Georgia,15.19
1980,Hawaii,0.9
1980,Idaho,NA
1980,Illinois,2.97
1980,Indiana,2.01
1980,Iowa,0.06
1980,Kansas,3.11
1980,Kentucky,1.75
1980,Louisiana,0.43
1980,Maine,4.22
1980,Maryland,1.98
1980,Massachusetts,0.98
1980,Michigan,3.02
1980,Minnesota,26.87
1980,Mississippi,3.91
1980,Missouri,1
1980,Montana,0.26
1980,Nebraska,4.93
1980,Nevada,1.43
1980,New Hampshire,26.69
1980,New Jersey,8.92
1980,New Mexico,0.99
1980,New York,11.01
1980,North Carolina,2.21
1980,North Dakota,NA
1980,Ohio,3.54
1980,Oklahoma,22.66
1980,Oregon,0.08
1980,Pennsylvania,9.49
1980,Rhode Island,0.2
1980,South Carolina,5.02
1980,South Dakota,NA
1980,Tennessee,3.83
1980,Texas,1.34
1980,Utah,2.98
1980,Vermont,41.88
1980,Virginia,6.57
1980,Washington,4.05
1980,West Virginia,1.75
1980,Wisconsin,31.29
1980,Wyoming,NA
1981,Alabama,NA
1981,Alaska,NA
1981,Arizona,0.36
1981,Arkansas,0.59
1981,California,1.4
1981,Colorado,0.25
1981,Connecticut,0.27
1981,Delaware,NA
1981,District Of Columbia,0.32
1981,Florida,2.89
1981,Georgia,1.95
1981,Hawaii,0.8
1981,Idaho,0.2
1981,Illinois,0.26
1981,Indiana,0.34
1981,Iowa,0.03
1981,Kansas,0.04
1981,Kentucky,0.03
1981,Louisiana,0.1
1981,Maine,0.45
1981,Maryland,0.11
1981,Massachusetts,1.05
1981,Michigan,0.35
1981,Minnesota,0.17
1981,Mississippi,NA
1981,Missouri,0.02
1981,Montana,NA
1981,Nebraska,0.25
1981,Nevada,1.58
1981,New Hampshire,0.98
1981,New Jersey,0.77
1981,New Mexico,1.1
1981,New York,1.97
1981,North Carolina,0.1
1981,North Dakota,NA
1981,Ohio,0.2
1981,Oklahoma,0.24
1981,Oregon,0.2
1981,Pennsylvania,4.33
1981,Rhode Island,NA
1981,South Carolina,NA
1981,South Dakota,NA
1981,Tennessee,0.08
1981,Texas,6.03
1981,Utah,NA
1981,Vermont,0.38
1981,Virginia,0.24
1981,Washington,0.1
1981,West Virginia,0.6
1981,Wisconsin,0.12
1981,Wyoming,0.2
1982,Alabama,0.05
1982,Alaska,0.2
1982,Arizona,0.53
1982,Arkansas,NA
1982,California,3.16
1982,Colorado,0.22
1982,Connecticut,0.24
1982,Delaware,NA
1982,District Of Columbia,0.16
1982,Florida,2.01
1982,Georgia,NA
1982,Hawaii,0.5
1982,Idaho,NA
1982,Illinois,0.24
1982,Indiana,0.06
1982,Iowa,NA
1982,Kansas,1.82
1982,Kentucky,0.06
1982,Louisiana,0.34
1982,Maine,NA
1982,Maryland,0.1
1982,Massachusetts,0.1
1982,Michigan,0.6
1982,Minnesota,NA
1982,Mississippi,0.16
1982,Missouri,0.04
1982,Montana,NA
1982,Nebraska,0.19
1982,Nevada,NA
1982,New Hampshire,0.5
1982,New Jersey,0.08
1982,New Mexico,NA
1982,New York,1.09
1982,North Carolina,0.04
1982,North Dakota,NA
1982,Ohio,0.03
1982,Oklahoma,0.99
1982,Oregon,0.72
1982,Pennsylvania,0.07
1982,Rhode Island,NA
1982,South Carolina,NA
1982,South Dakota,NA
1982,Tennessee,0.12
1982,Texas,1.15
1982,Utah,0.19
1982,Vermont,0.38
1982,Virginia,0.15
1982,Washington,0.85
1982,West Virginia,0.1
1982,Wisconsin,0.02
1982,Wyoming,NA
1983,Alabama,0.03
1983,Alaska,NA
1983,Arizona,NA
1983,Arkansas,0.04
1983,California,0.59
1983,Colorado,NA
1983,Connecticut,NA
1983,Delaware,NA
1983,District Of Columbia,NA
1983,Florida,1.48
1983,Georgia,0.14
1983,Hawaii,0.1
1983,Idaho,0.1
1983,Illinois,1.72
1983,Indiana,6.78
1983,Iowa,NA
1983,Kansas,NA
1983,Kentucky,NA
1983,Louisiana,0.09
1983,Maine,NA
1983,Maryland,0.17
1983,Massachusetts,0.15
1983,Michigan,0.03
1983,Minnesota,NA
1983,Mississippi,0.08
1983,Missouri,0.04
1983,Montana,NA
1983,Nebraska,NA
1983,Nevada,0.22
1983,New Hampshire,NA
1983,New Jersey,0.36
1983,New Mexico,NA
1983,New York,0.21
1983,North Carolina,NA
1983,North Dakota,NA
1983,Ohio,0.83
1983,Oklahoma,0.03
1983,Oregon,0.4
1983,Pennsylvania,NA
1983,Rhode Island,NA
1983,South Carolina,NA
1983,South Dakota,NA
1983,Tennessee,0.02
1983,Texas,0.24
1983,Utah,0.61
1983,Vermont,NA
1983,Virginia,0.37
1983,Washington,0.7
1983,West Virginia,0.05
1983,Wisconsin,NA
1983,Wyoming,NA
1984,Alabama,NA
1984,Alaska,NA
1984,Arizona,NA
1984,Arkansas,0.38
1984,California,1.2
1984,Colorado,NA
1984,Connecticut,0.31
1984,Delaware,NA
1984,District Of Columbia,NA
1984,Florida,0.16
1984,Georgia,0.06
1984,Hawaii,16.64
1984,Idaho,NA
1984,Illinois,1.36
1984,Indiana,0.04
1984,Iowa,NA
1984,Kansas,NA
1984,Kentucky,0.03
1984,Louisiana,0.18
1984,Maine,NA
1984,Maryland,0.3
1984,Massachusetts,1.46
1984,Michigan,3.3
1984,Minnesota,1.08
1984,Mississippi,NA
1984,Missouri,0.12
1984,Montana,NA
1984,Nebraska,NA
1984,Nevada,NA
1984,New Hampshire,3.3
1984,New Jersey,0.07
1984,New Mexico,5.09
1984,New York,0.84
1984,North Carolina,NA
1984,North Dakota,NA
1984,Ohio,0.1
1984,Oklahoma,0.27
1984,Oregon,NA
1984,Pennsylvania,0.04
1984,Rhode Island,NA
1984,South Carolina,NA
1984,South Dakota,NA
1984,Tennessee,NA
1984,Texas,3.33
1984,Utah,1.69
1984,Vermont,0.76
1984,Virginia,0.07
1984,Washington,3.91
1984,West Virginia,NA
1984,Wisconsin,0.65
1984,Wyoming,NA
1985,Alabama,NA
1985,Alaska,NA
1985,Arizona,7.49
1985,Arkansas,NA
1985,California,0.92
1985,Colorado,0.27
1985,Connecticut,0.18
1985,Delaware,NA
1985,District Of Columbia,4.39
1985,Florida,0.99
1985,Georgia,0.13
1985,Hawaii,2.33
1985,Idaho,6.25
1985,Illinois,2.43
1985,Indiana,0.06
1985,Iowa,NA
1985,Kansas,0.04
1985,Kentucky,0.05
1985,Louisiana,0.95
1985,Maine,NA
1985,Maryland,2.53
1985,Massachusetts,1.37
1985,Michigan,0.75
1985,Minnesota,NA
1985,Mississippi,0.04
1985,Missouri,0.02
1985,Montana,20.52
1985,Nebraska,NA
1985,Nevada,NA
1985,New Hampshire,NA
1985,New Jersey,0.31
1985,New Mexico,0.28
1985,New York,0.92
1985,North Carolina,0.14
1985,North Dakota,0.15
1985,Ohio,NA
1985,Oklahoma,NA
1985,Oregon,0.19
1985,Pennsylvania,0.33
1985,Rhode Island,NA
1985,South Carolina,0.03
1985,South Dakota,NA
1985,Tennessee,NA
1985,Texas,2.56
1985,Utah,NA
1985,Vermont,NA
1985,Virginia,0.47
1985,Washington,1.99
1985,West Virginia,2.51
1985,Wisconsin,1.2
1985,Wyoming,1.01
1986,Alabama,0.02
1986,Alaska,NA
1986,Arizona,7.45
1986,Arkansas,12.21
1986,California,1.52
1986,Colorado,0.15
1986,Connecticut,0.27
1986,Delaware,0.16
1986,District Of Columbia,NA
1986,Florida,3.38
1986,Georgia,1.49
1986,Hawaii,2.78
1986,Idaho,0.1
1986,Illinois,3.67
1986,Indiana,0.7
1986,Iowa,5.1
1986,Kansas,4.04
1986,Kentucky,0.08
1986,Louisiana,0.08
1986,Maine,1.26
1986,Maryland,0.76
1986,Massachusetts,0.63
1986,Michigan,1.16
1986,Minnesota,0.84
1986,Mississippi,0.4
1986,Missouri,0.62
1986,Montana,0.24
1986,Nebraska,NA
1986,Nevada,0.3
1986,New Hampshire,2.62
1986,New Jersey,11.6
1986,New Mexico,2.6
1986,New York,5.31
1986,North Carolina,0.07
1986,North Dakota,3.17
1986,Ohio,NA
1986,Oklahoma,0.99
1986,Oregon,0.26
1986,Pennsylvania,0.25
1986,Rhode Island,0.2
1986,South Carolina,7.54
1986,South Dakota,NA
1986,Tennessee,1.2
1986,Texas,2.27
1986,Utah,0.78
1986,Vermont,NA
1986,Virginia,0.85
1986,Washington,4.71
1986,West Virginia,0.11
1986,Wisconsin,5.85
1986,Wyoming,NA
1987,Alabama,0.09
1987,Alaska,NA
1987,Arizona,1
1987,Arkansas,NA
1987,California,2.68
1987,Colorado,0.27
1987,Connecticut,0.66
1987,Delaware,3.09
1987,District Of Columbia,NA
1987,Florida,0.72
1987,Georgia,0.15
1987,Hawaii,0.18
1987,Idaho,NA
1987,Illinois,1.7
1987,Indiana,NA
1987,Iowa,NA
1987,Kansas,NA
1987,Kentucky,NA
1987,Louisiana,NA
1987,Maine,0.25
1987,Maryland,0.22
1987,Massachusetts,1.09
1987,Michigan,0.3
1987,Minnesota,0.65
1987,Mississippi,0.16
1987,Missouri,3.76
1987,Montana,17.11
1987,Nebraska,NA
1987,Nevada,0.19
1987,New Hampshire,16.24
1987,New Jersey,0.5
1987,New Mexico,10.55
1987,New York,2.47
1987,North Carolina,0.23
1987,North Dakota,NA
1987,Ohio,0.01
1987,Oklahoma,0.12
1987,Oregon,3.01
1987,Pennsylvania,0.26
1987,Rhode Island,0.2
1987,South Carolina,0.06
1987,South Dakota,NA
1987,Tennessee,NA
1987,Texas,2.51
1987,Utah,NA
1987,Vermont,3.99
1987,Virginia,0.02
1987,Washington,1.01
1987,West Virginia,NA
1987,Wisconsin,3.02
1987,Wyoming,NA
1988,Alabama,0.02
1988,Alaska,0.18
1988,Arizona,0.08
1988,Arkansas,NA
1988,California,2.48
1988,Colorado,3.53
1988,Connecticut,0.51
1988,Delaware,NA
1988,District Of Columbia,NA
1988,Florida,1.32
1988,Georgia,NA
1988,Hawaii,1.81
1988,Idaho,NA
1988,Illinois,0.47
1988,Indiana,1.04
1988,Iowa,NA
1988,Kansas,0.04
1988,Kentucky,0.95
1988,Louisiana,NA
1988,Maine,0.66
1988,Maryland,0.3
1988,Massachusetts,0.09
1988,Michigan,0.32
1988,Minnesota,0.48
1988,Mississippi,1.27
1988,Missouri,0.41
1988,Montana,9.66
1988,Nebraska,NA
1988,Nevada,NA
1988,New Hampshire,10.23
1988,New Jersey,4.25
1988,New Mexico,NA
1988,New York,0.54
1988,North Carolina,0.03
1988,North Dakota,NA
1988,Ohio,0.88
1988,Oklahoma,0.25
1988,Oregon,1.3
1988,Pennsylvania,4.4
1988,Rhode Island,NA
1988,South Carolina,NA
1988,South Dakota,NA
1988,Tennessee,0.02
1988,Texas,0.09
1988,Utah,NA
1988,Vermont,NA
1988,Virginia,3.48
1988,Washington,0.15
1988,West Virginia,0.33
1988,Wisconsin,NA
1988,Wyoming,NA
1989,Alabama,1.46
1989,Alaska,NA
1989,Arizona,3.96
1989,Arkansas,0.21
1989,California,7.34
1989,Colorado,3.02
1989,Connecticut,6.53
1989,Delaware,5.4
1989,District Of Columbia,6.74
1989,Florida,1.6
1989,Georgia,0.27
1989,Hawaii,2.79
1989,Idaho,0.8
1989,Illinois,22.32
1989,Indiana,2.02
1989,Iowa,0.45
1989,Kansas,4.75
1989,Kentucky,1.17
1989,Louisiana,2.79
1989,Maine,NA
1989,Maryland,2.48
1989,Massachusetts,1.79
1989,Michigan,4.23
1989,Minnesota,0.16
1989,Mississippi,0.04
1989,Missouri,9.97
1989,Montana,1.63
1989,Nebraska,6.65
1989,Nevada,0.99
1989,New Hampshire,1.44
1989,New Jersey,5.28
1989,New Mexico,1.4
1989,New York,1.63
1989,North Carolina,2.99
1989,North Dakota,NA
1989,Ohio,25.09
1989,Oklahoma,4.03
1989,Oregon,1.45
1989,Pennsylvania,2
1989,Rhode Island,3.9
1989,South Carolina,0.52
1989,South Dakota,NA
1989,Tennessee,2.85
1989,Texas,18.43
1989,Utah,6.9
1989,Vermont,0.18
1989,Virginia,0.42
1989,Washington,1.06
1989,West Virginia,2.95
1989,Wisconsin,6.44
1989,Wyoming,NA
1990,Alabama,0.65
1990,Alaska,4.86
1990,Arizona,7.72
1990,Arkansas,1.74
1990,California,31.99
1990,Colorado,4.17
1990,Connecticut,5.7
1990,Delaware,1.35
1990,District Of Columbia,3.66
1990,Florida,2.87
1990,Georgia,5.5
1990,Hawaii,3.69
1990,Idaho,2.19
1990,Illinois,9.05
1990,Indiana,4.49
1990,Iowa,0.96
1990,Kansas,9.46
1990,Kentucky,1.14
1990,Louisiana,NA
1990,Maine,0.32
1990,Maryland,4.24
1990,Massachusetts,0.54
1990,Michigan,4.04
1990,Minnesota,9.21
1990,Mississippi,0.5
1990,Missouri,1.04
1990,Montana,NA
1990,Nebraska,5
1990,Nevada,17.71
1990,New Hampshire,NA
1990,New Jersey,2.47
1990,New Mexico,6.66
1990,New York,4.48
1990,North Carolina,0.71
1990,North Dakota,NA
1990,Ohio,5.22
1990,Oklahoma,5.6
1990,Oregon,1.35
1990,Pennsylvania,3.77
1990,Rhode Island,2.99
1990,South Carolina,0.12
1990,South Dakota,2.29
1990,Tennessee,1.93
1990,Texas,22.86
1990,Utah,8.5
1990,Vermont,NA
1990,Virginia,1.22
1990,Washington,6.71
1990,West Virginia,0.33
1990,Wisconsin,13.39
1990,Wyoming,NA
1991,Alabama,0.02
1991,Alaska,0.18
1991,Arizona,9.04
1991,Arkansas,NA
1991,California,6.49
1991,Colorado,0.33
1991,Connecticut,0.69
1991,Delaware,2.81
1991,District Of Columbia,NA
1991,Florida,2.21
1991,Georgia,0.23
1991,Hawaii,1.95
1991,Idaho,42.15
1991,Illinois,0.05
1991,Indiana,0.09
1991,Iowa,0.59
1991,Kansas,0.36
1991,Kentucky,0.69
1991,Louisiana,NA
1991,Maine,0.56
1991,Maryland,3.66
1991,Massachusetts,0.72
1991,Michigan,0.36
1991,Minnesota,0.63
1991,Mississippi,NA
1991,Missouri,NA
1991,Montana,NA
1991,Nebraska,NA
1991,Nevada,1.47
1991,New Hampshire,NA
1991,New Jersey,13.05
1991,New Mexico,4.92
1991,New York,7.8
1991,North Carolina,0.64
1991,North Dakota,NA
1991,Ohio,0.11
1991,Oklahoma,NA
1991,Oregon,2.78
1991,Pennsylvania,11.72
1991,Rhode Island,0.4
1991,South Carolina,0.37
1991,South Dakota,NA
1991,Tennessee,0.2
1991,Texas,1.23
1991,Utah,12.36
1991,Vermont,0.71
1991,Virginia,0.36
1991,Washington,1.53
1991,West Virginia,NA
1991,Wisconsin,0.14
1991,Wyoming,0.65
1992,Alabama,NA
1992,Alaska,0.68
1992,Arizona,NA
1992,Arkansas,NA
1992,California,0.19
1992,Colorado,0.64
1992,Connecticut,0.06
1992,Delaware,0.42
1992,District Of Columbia,0.33
1992,Florida,0.3
1992,Georgia,0.04
1992,Hawaii,4.24
1992,Idaho,NA
1992,Illinois,0.09
1992,Indiana,0.22
1992,Iowa,NA
1992,Kansas,0.08
1992,Kentucky,7.46
1992,Louisiana,NA
1992,Maine,0.24
1992,Maryland,0.22
1992,Massachusetts,0.35
1992,Michigan,0.14
1992,Minnesota,0.2
1992,Mississippi,0.04
1992,Missouri,0.02
1992,Montana,NA
1992,Nebraska,NA
1992,Nevada,0.07
1992,New Hampshire,1.44
1992,New Jersey,0.4
1992,New Mexico,0.06
1992,New York,0.62
1992,North Carolina,0.36
1992,North Dakota,NA
1992,Ohio,0.05
1992,Oklahoma,0.25
1992,Oregon,0.29
1992,Pennsylvania,0.08
1992,Rhode Island,2.28
1992,South Carolina,0.8
1992,South Dakota,NA
1992,Tennessee,NA
1992,Texas,5.67
1992,Utah,NA
1992,Vermont,NA
1992,Virginia,0.25
1992,Washington,NA
1992,West Virginia,NA
1992,Wisconsin,NA
1992,Wyoming,0.21
1993,Alabama,0.02
1993,Alaska,NA
1993,Arizona,0.06
1993,Arkansas,NA
1993,California,0.18
1993,Colorado,NA
1993,Connecticut,0.18
1993,Delaware,0.28
1993,District Of Columbia,NA
1993,Florida,0.2
1993,Georgia,0.01
1993,Hawaii,1.3
1993,Idaho,NA
1993,Illinois,0.04
1993,Indiana,0.02
1993,Iowa,NA
1993,Kansas,NA
1993,Kentucky,NA
1993,Louisiana,0.02
1993,Maine,0.16
1993,Maryland,0.02
1993,Massachusetts,0.31
1993,Michigan,0.07
1993,Minnesota,NA
1993,Mississippi,NA
1993,Missouri,NA
1993,Montana,NA
1993,Nebraska,NA
1993,Nevada,0.07
1993,New Hampshire,0.18
1993,New Jersey,0.06
1993,New Mexico,NA
1993,New York,NA
1993,North Carolina,NA
1993,North Dakota,NA
1993,Ohio,0.11
1993,Oklahoma,NA
1993,Oregon,NA
1993,Pennsylvania,NA
1993,Rhode Island,0.1
1993,South Carolina,NA
1993,South Dakota,NA
1993,Tennessee,NA
1993,Texas,0.06
1993,Utah,NA
1993,Vermont,5.36
1993,Virginia,NA
1993,Washington,NA
1993,West Virginia,NA
1993,Wisconsin,NA
1993,Wyoming,NA
1994,Alabama,NA
1994,Alaska,2.67
1994,Arizona,0.2
1994,Arkansas,NA
1994,California,0.19
1994,Colorado,0.54
1994,Connecticut,0.12
1994,Delaware,NA
1994,District Of Columbia,NA
1994,Florida,0.16
1994,Georgia,0.03
1994,Hawaii,NA
1994,Idaho,0.18
1994,Illinois,0.15
1994,Indiana,0.02
1994,Iowa,0.25
1994,Kansas,0.04
1994,Kentucky,NA
1994,Louisiana,0.02
1994,Maine,0.24
1994,Maryland,0.1
1994,Massachusetts,0.12
1994,Michigan,0.15
1994,Minnesota,NA
1994,Mississippi,NA
1994,Missouri,0.81
1994,Montana,NA
1994,Nebraska,NA
1994,Nevada,NA
1994,New Hampshire,NA
1994,New Jersey,1.68
1994,New Mexico,NA
1994,New York,0.34
1994,North Carolina,0.04
1994,North Dakota,NA
1994,Ohio,0.04
1994,Oklahoma,NA
1994,Oregon,NA
1994,Pennsylvania,0.07
1994,Rhode Island,0.7
1994,South Carolina,NA
1994,South Dakota,NA
1994,Tennessee,0.53
1994,Texas,0.1
1994,Utah,7.8
1994,Vermont,0.17
1994,Virginia,0.04
1994,Washington,NA
1994,West Virginia,1.98
1994,Wisconsin,0.04
1994,Wyoming,NA
1995,Alabama,NA
1995,Alaska,NA
1995,Arizona,0.27
1995,Arkansas,0.08
1995,California,0.09
1995,Colorado,0.68
1995,Connecticut,0.03
1995,Delaware,NA
1995,District Of Columbia,NA
1995,Florida,0.06
1995,Georgia,0.06
1995,Hawaii,NA
1995,Idaho,0.33
1995,Illinois,0.04
1995,Indiana,NA
1995,Iowa,NA
1995,Kansas,0.04
1995,Kentucky,NA
1995,Louisiana,0.42
1995,Maine,NA
1995,Maryland,NA
1995,Massachusetts,0.08
1995,Michigan,0.04
1995,Minnesota,NA
1995,Mississippi,NA
1995,Missouri,NA
1995,Montana,NA
1995,Nebraska,NA
1995,Nevada,0.06
1995,New Hampshire,NA
1995,New Jersey,0.04
1995,New Mexico,1.82
1995,New York,0.02
1995,North Carolina,NA
1995,North Dakota,NA
1995,Ohio,0.02
1995,Oklahoma,NA
1995,Oregon,0.09
1995,Pennsylvania,0.01
1995,Rhode Island,0.49
1995,South Carolina,NA
1995,South Dakota,NA
1995,Tennessee,NA
1995,Texas,0.09
1995,Utah,NA
1995,Vermont,NA
1995,Virginia,NA
1995,Washington,0.39
1995,West Virginia,NA
1995,Wisconsin,NA
1995,Wyoming,NA
1996,Alabama,NA
1996,Alaska,11.16
1996,Arizona,0.17
1996,Arkansas,NA
1996,California,0.11
1996,Colorado,0.21
1996,Connecticut,0.03
1996,Delaware,0.13
1996,District Of Columbia,NA
1996,Florida,NA
1996,Georgia,0.01
1996,Hawaii,2.81
1996,Idaho,0.16
1996,Illinois,0.02
1996,Indiana,NA
1996,Iowa,NA
1996,Kansas,0.04
1996,Kentucky,NA
1996,Louisiana,NA
1996,Maine,NA
1996,Maryland,0.08
1996,Massachusetts,0.2
1996,Michigan,0.02
1996,Minnesota,0.37
1996,Mississippi,NA
1996,Missouri,0.04
1996,Montana,NA
1996,Nebraska,NA
1996,Nevada,0.24
1996,New Hampshire,NA
1996,New Jersey,NA
1996,New Mexico,0.96
1996,New York,NA
1996,North Carolina,0.05
1996,North Dakota,NA
1996,Ohio,0.06
1996,Oklahoma,NA
1996,Oregon,0.33
1996,Pennsylvania,0.1
1996,Rhode Island,NA
1996,South Carolina,NA
1996,South Dakota,NA
1996,Tennessee,0.04
1996,Texas,0.18
1996,Utah,5.77
1996,Vermont,0.17
1996,Virginia,0.01
1996,Washington,0.92
1996,West Virginia,NA
1996,Wisconsin,0.02
1996,Wyoming,0.2
1997,Alabama,0.14
1997,Alaska,0.16
1997,Arizona,0.18
1997,Arkansas,0.12
1997,California,0.09
1997,Colorado,0.72
1997,Connecticut,NA
1997,Delaware,NA
1997,District Of Columbia,0.35
1997,Florida,0.06
1997,Georgia,NA
1997,Hawaii,0.49
1997,Idaho,6.59
1997,Illinois,0.08
1997,Indiana,NA
1997,Iowa,0.28
1997,Kansas,NA
1997,Kentucky,NA
1997,Louisiana,NA
1997,Maine,0.32
1997,Maryland,0.5
1997,Massachusetts,0.88
1997,Michigan,0.08
1997,Minnesota,0.35
1997,Mississippi,0.14
1997,Missouri,0.06
1997,Montana,NA
1997,Nebraska,0.06
1997,Nevada,0.06
1997,New Hampshire,1.93
1997,New Jersey,0.02
1997,New Mexico,0.4
1997,New York,0.14
1997,North Carolina,0.02
1997,North Dakota,0.15
1997,Ohio,0.3
1997,Oklahoma,NA
1997,Oregon,0.09
1997,Pennsylvania,0.13
1997,Rhode Island,0.49
1997,South Carolina,0.05
1997,South Dakota,1.2
1997,Tennessee,0.05
1997,Texas,0.07
1997,Utah,0.05
1997,Vermont,9.88
1997,Virginia,0.03
1997,Washington,0.27
1997,West Virginia,0.05
1997,Wisconsin,NA
1997,Wyoming,0.61
1998,Alabama,NA
1998,Alaska,2.58
1998,Arizona,0.2
1998,Arkansas,NA
1998,California,NA
1998,Colorado,NA
1998,Connecticut,NA
1998,Delaware,NA
1998,District Of Columbia,NA
1998,Florida,0.01
1998,Georgia,0.01
1998,Hawaii,NA
1998,Idaho,0.08
1998,Illinois,0.01
1998,Indiana,0.03
1998,Iowa,0.03
1998,Kansas,NA
1998,Kentucky,NA
1998,Louisiana,0.02
1998,Maine,NA
1998,Maryland,NA
1998,Massachusetts,0.02
1998,Michigan,0.09
1998,Minnesota,NA
1998,Mississippi,NA
1998,Missouri,NA
1998,Montana,NA
1998,Nebraska,NA
1998,Nevada,NA
1998,New Hampshire,NA
1998,New Jersey,0.08
1998,New Mexico,NA
1998,New York,NA
1998,North Carolina,NA
1998,North Dakota,NA
1998,Ohio,NA
1998,Oklahoma,NA
1998,Oregon,NA
1998,Pennsylvania,0.03
1998,Rhode Island,NA
1998,South Carolina,NA
1998,South Dakota,NA
1998,Tennessee,NA
1998,Texas,NA
1998,Utah,NA
1998,Vermont,NA
1998,Virginia,NA
1998,Washington,NA
1998,West Virginia,NA
1998,Wisconsin,NA
1998,Wyoming,NA
1999,Alabama,NA
1999,Alaska,NA
1999,Arizona,0.02
1999,Arkansas,0.16
1999,California,0.06
1999,Colorado,NA
1999,Connecticut,NA
1999,Delaware,NA
1999,District Of Columbia,NA
1999,Florida,0.01
1999,Georgia,NA
1999,Hawaii,0.08
1999,Idaho,NA
1999,Illinois,NA
1999,Indiana,0.02
1999,Iowa,NA
1999,Kansas,NA
1999,Kentucky,NA
1999,Louisiana,NA
1999,Maine,NA
1999,Maryland,NA
1999,Massachusetts,0.04
1999,Michigan,NA
1999,Minnesota,NA
1999,Mississippi,NA
1999,Missouri,0.02
1999,Montana,NA
1999,Nebraska,NA
1999,Nevada,NA
1999,New Hampshire,NA
1999,New Jersey,NA
1999,New Mexico,NA
1999,New York,NA
1999,North Carolina,NA
1999,North Dakota,NA
1999,Ohio,NA
1999,Oklahoma,NA
1999,Oregon,0.15
1999,Pennsylvania,NA
1999,Rhode Island,NA
1999,South Carolina,NA
1999,South Dakota,NA
1999,Tennessee,NA
1999,Texas,0.01
1999,Utah,0.1
1999,Vermont,NA
1999,Virginia,0.25
1999,Washington,NA
1999,West Virginia,NA
1999,Wisconsin,NA
1999,Wyoming,NA
2000,Alabama,NA
2000,Alaska,0.16
2000,Arizona,NA
2000,Arkansas,0.04
2000,California,0.03
2000,Colorado,0.06
2000,Connecticut,NA
2000,Delaware,NA
2000,District Of Columbia,NA
2000,Florida,0.02
2000,Georgia,NA
2000,Hawaii,0.16
2000,Idaho,NA
2000,Illinois,0.04
2000,Indiana,NA
2000,Iowa,0.06
2000,Kansas,0.08
2000,Kentucky,NA
2000,Louisiana,NA
2000,Maine,NA
2000,Maryland,NA
2000,Massachusetts,NA
2000,Michigan,0.02
2000,Minnesota,0.02
2000,Mississippi,NA
2000,Missouri,NA
2000,Montana,NA
2000,Nebraska,NA
2000,Nevada,0.35
2000,New Hampshire,0.24
2000,New Jersey,NA
2000,New Mexico,NA
2000,New York,0.02
2000,North Carolina,NA
2000,North Dakota,NA
2000,Ohio,0.03
2000,Oklahoma,NA
2000,Oregon,NA
2000,Pennsylvania,NA
2000,Rhode Island,NA
2000,South Carolina,NA
2000,South Dakota,NA
2000,Tennessee,NA
2000,Texas,NA
2000,Utah,0.13
2000,Vermont,0.16
2000,Virginia,0.03
2000,Washington,NA
2000,West Virginia,NA
2000,Wisconsin,NA
2000,Wyoming,NA
2001,Alabama,NA
2001,Alaska,NA
2001,Arizona,0.02
2001,Arkansas,NA
2001,California,0.11
2001,Colorado,NA
2001,Connecticut,NA
2001,Delaware,NA
2001,District Of Columbia,NA
2001,Florida,NA
2001,Georgia,0.01
2001,Hawaii,0.57
2001,Idaho,0.16
2001,Illinois,0.01
2001,Indiana,0.03
2001,Iowa,NA
2001,Kansas,0.04
2001,Kentucky,0.05
2001,Louisiana,NA
2001,Maine,NA
2001,Maryland,0.06
2001,Massachusetts,NA
2001,Michigan,NA
2001,Minnesota,0.04
2001,Mississippi,NA
2001,Missouri,0.02
2001,Montana,NA
2001,Nebraska,NA
2001,Nevada,NA
2001,New Hampshire,NA
2001,New Jersey,0.01
2001,New Mexico,NA
2001,New York,NA
2001,North Carolina,NA
2001,North Dakota,NA
2001,Ohio,0.01
2001,Oklahoma,NA
2001,Oregon,0.18
2001,Pennsylvania,0.05
2001,Rhode Island,NA
2001,South Carolina,NA
2001,South Dakota,NA
2001,Tennessee,NA
2001,Texas,NA
2001,Utah,NA
2001,Vermont,0.16
2001,Virginia,0.01
2001,Washington,NA
2001,West Virginia,NA
2001,Wisconsin,NA
2001,Wyoming,NA
2002,Alabama,0.16
2002,Alaska,NA
2002,Arizona,NA
2002,Arkansas,NA
2002,California,NA
2002,Colorado,NA
2002,Connecticut,NA
2002,Delaware,NA
2002,District Of Columbia,NA
2002,Florida,0.01
2002,Georgia,0.01
2002,Hawaii,0.08
2002,Idaho,NA
2002,Illinois,NA
2002,Indiana,0.02
2002,Iowa,NA
2002,Kansas,NA
2002,Kentucky,NA
2002,Louisiana,NA
2002,Maine,NA
2002,Maryland,NA
2002,Massachusetts,NA
2002,Michigan,NA
2002,Minnesota,NA
2002,Mississippi,NA
2002,Missouri,0.02
2002,Montana,NA
2002,Nebraska,NA
2002,Nevada,NA
2002,New Hampshire,NA
2002,New Jersey,NA
2002,New Mexico,NA
2002,New York,0.01
2002,North Carolina,NA
2002,North Dakota,NA
2002,Ohio,NA
2002,Oklahoma,NA
2002,Oregon,NA
2002,Pennsylvania,NA
2002,Rhode Island,NA
2002,South Carolina,NA
2002,South Dakota,NA
2002,Tennessee,NA
2002,Texas,NA
2002,Utah,NA
2002,Vermont,NA
2002,Virginia,NA
2002,Washington,NA
2002,West Virginia,NA
2002,Wisconsin,NA
2002,Wyoming,NA
2003,Alabama,NA
2003,Alaska,NA
2003,Arizona,NA
2003,Arkansas,NA
2003,California,NA
2003,Colorado,NA
2003,Connecticut,NA
2003,Delaware,NA
2003,District Of Columbia,NA
2003,Florida,NA
2003,Georgia,NA
2003,Hawaii,NA
2003,Idaho,NA
2003,Illinois,NA
2003,Indiana,NA
2003,Iowa,NA
2003,Kansas,NA
2003,Kentucky,NA
2003,Louisiana,NA
2003,Maine,NA
2003,Maryland,NA
2003,Massachusetts,NA
2003,Michigan,NA
2003,Minnesota,NA
2003,Mississippi,NA
2003,Missouri,NA
2003,Montana,NA
2003,Nebraska,NA
2003,Nevada,NA
2003,New Hampshire,NA
2003,New Jersey,NA
2003,New Mexico,NA
2003,New York,NA
2003,North Carolina,NA
2003,North Dakota,NA
2003,Ohio,NA
2003,Oklahoma,NA
2003,Oregon,NA
2003,Pennsylvania,NA
2003,Rhode Island,NA
2003,South Carolina,NA
2003,South Dakota,NA
2003,Tennessee,NA
2003,Texas,NA
2003,Utah,NA
2003,Vermont,NA
2003,Virginia,NA
2003,Washington,NA
2003,West Virginia,NA
2003,Wisconsin,NA
2003,Wyoming,NA
